{
  "steel": -0.019774744897959187,
  "steelpart": -0.020647193877551023,
  "iron": -0.01134107142857143,
  "carbon": -0.013668367346938775,
  "brick": -0.0005816326530612245,
  "clay": -0.00029081632653061223,
  "soil": -0.00029081632653061223,
  "water": -0.00029081632653061223,
  "woodplank": -0.005523214285714286,
  "woodpart": -0.005816326530612245,
  "wood": -0.004362244897959184,
  "log": -0.010469387755102042,
  "bamboo": -0.015122448979591837,
  "pipe": -0.006107142857142857,
  "plasticpart": -0.0014540816326530613,
  "plastic": -0.001163265306122449,
  "glass": -0.010178571428571431,
  "limestone": -0.0017433673469387757,
  "sand": -0.00029081632653061223,
  "plexiglass": -0.006684948979591836,
  "granite": -0.007561224489795918,
  "marble": -0.007270408163265306,
  "quartz": -0.0029081632653061226,
  "chalk": -0.0031989795918367352,
  "slate": -0.004653061224489796,
  "basalt": -0.005523214285714286,
  "oil": -0.008724489795918368,
  "coal": -0.0026173469387755104,
  "ironore": -0.007270408163265306,
  "copperore": -0.007561224489795918,
  "goldore": -0.02210127551020409,
  "gas": -0.00901530612244898,
  "ceramic": -0.007561224489795918,
  "cork": -0.0008716836734693878,
  "mesh": -0.0014540816326530613,
  "rubber": -0.0017433673469387757,
  "uranium": -0.11632653061224489,
  "rice": -0.0005816326530612245,
  "rye": -0.00029081632653061223,
  "oats": -0.00029081632653061223,
  "corn": -0.0008716836734693878,
  "barley": -0.0005816326530612245,
  "cassava": -0.00029081632653061223,
  "soybean": -0.0008716836734693878,
  "sorghum": -0.0005816326530612245,
  "wheat": -0.0017433673469387757,
  "resin": -0.0040691326530612245,
  "tape": -0.0008716836734693878,
  "glue": -0.0005142857142857143,
  "paper": -0.00038571428571428567,
  "steelsheet": -0.015122448979591837,
  "cocoabean": -0.008724489795918368,
  "coffeebean": -0.008432908163265305,
  "sugar": -0.0008716836734693878,
  "salt": -0.001163265306122449,
  "flower": -0.0005816326530612245,
  "bakingpowder": -0.0008716836734693878,
  "egg": -0.0005816326530612245,
  "fish": -0.001163265306122449,
  "meat": -0.0014540816326530613,
  "bread": -0.001163265306122449,
  "asparagus": -0.0008716836734693878,
  "eggplant": -0.0008716836734693878,
  "broccoli": -0.0008716836734693878,
  "cabbage": -0.001163265306122449,
  "avocado": -0.0008716836734693878,
  "brusselssprout": -0.0005816326530612245,
  "carrot": -0.0005816326530612245,
  "beetroot": -0.0008716836734693878,
  "garlic": -0.001163265306122449,
  "celery": -0.0008716836734693878,
  "cucumber": -0.0005816326530612245,
  "greenbean": -0.00029081632653061223,
  "leek": -0.0005816326530612245,
  "lettuce": -0.0008716836734693878,
  "mushroom": -0.00029081632653061223,
  "onion": -0.0005816326530612245,
  "pea": -0.0008716836734693878,
  "pumpkin": -0.0014540816326530613,
  "radish": -0.0008716836734693878,
  "rhubarb": -0.0008716836734693878,
  "sweetpepper": -0.0008716836734693878,
  "spinach": -0.0005816326530612245,
  "tomato": -0.0005816326530612245,
  "sweetpotato": -0.001163265306122449,
  "yam": -0.0005816326530612245,
  "potato": -0.0008716836734693878,
  "acerola": -0.001163265306122449,
  "apple": -0.0005816326530612245,
  "apricot": -0.0014540816326530613,
  "banana": -0.001163265306122449,
  "blackberry": -0.0008716836734693878,
  "blackcurrant": -0.0008716836734693878,
  "blueberry": -0.0008716836734693878,
  "breadfruit": -0.001163265306122449,
  "cantaloupe": -0.0017433673469387757,
  "cherry": -0.0005816326530612245,
  "clementine": -0.0005816326530612245,
  "coconut": -0.0017433673469387757,
  "cranberry": -0.0008716836734693878,
  "datefruit": -0.001163265306122449,
  "fig": -0.001163265306122449,
  "gooseberry": -0.0005816326530612245,
  "grapefruit": -0.001163265306122449,
  "grape": -0.0005816326530612245,
  "guava": -0.0017433673469387757,
  "honeydewmelon": -0.0014540816326530613,
  "jackfruit": -0.002034948979591837,
  "jujubefruit": -0.0014540816326530613,
  "kiwifruit": -0.0008716836734693878,
  "kumquat": -0.0008716836734693878,
  "lemon": -0.0005816326530612245,
  "lime": -0.0005816326530612245,
  "lychee": -0.0005816326530612245,
  "mandarin": -0.0008716836734693878,
  "mango": -0.001163265306122449,
  "mulberry": -0.0008716836734693878,
  "olive": -0.00029081632653061223,
  "orange": -0.0005816326530612245,
  "papaya": -0.0008716836734693878,
  "passionfruit": -0.001163265306122449,
  "peach": -0.0008716836734693878,
  "pear": -0.0008716836734693878,
  "dragonfruit": -0.0017433673469387757,
  "pineapple": -0.002034948979591837,
  "plum": -0.0008716836734693878,
  "pomegranate": -0.0008716836734693878,
  "prune": -0.001163265306122449,
  "raspberry": -0.0005816326530612245,
  "strawberry": -0.0008716836734693878,
  "tangerine": -0.0005816326530612245,
  "watermelon": -0.0017433673469387757,
  "blackbean": -0.00029081632653061223,
  "blackeyedpea": -0.00029081632653061223,
  "cannellinibean": -0.00029081632653061223,
  "chickpea": -0.00029081632653061223,
  "greatnorthernbean": -0.00029081632653061223,
  "kidneybean": -0.00029081632653061223,
  "limabean": -0.00029081632653061223,
  "pintobean": -0.00029081632653061223,
  "favabean": -0.00029081632653061223,
  "navybean": -0.00029081632653061223,
  "adzukibean": -0.00029081632653061223,
  "edamame": -0.00029081632653061223,
  "mungbean": -0.00029081632653061223,
  "cranberrybean": -0.0005816326530612245,
  "thyme": -0.0034867346938775514,
  "basil": -0.0040691326530612245,
  "oregano": -0.003780612244897959,
  "rosemary": -0.003780612244897959,
  "fennelseed": -0.004362244897959184,
  "bayleaf": -0.004653061224489796,
  "chilipowder": -0.003780612244897959,
  "smokedpaprika": -0.0034867346938775514,
  "cayenne": -0.0034867346938775514,
  "cumin": -0.0040691326530612245,
  "groundcardamom": -0.0040691326530612245,
  "currypowder": -0.0034867346938775514,
  "onionpowder": -0.0031989795918367352,
  "garlicpowder": -0.0031989795918367352,
  "groundmustard": -0.0034867346938775514,
  "clove": -0.004653061224489796,
  "nutmeg": -0.005234693877551021,
  "cinnamon": -0.004362244897959184,
  "groundginger": -0.0040691326530612245,
  "mace": -0.004940816326530614,
  "pepper": -0.010857142857142857,
  "cow": -0.04420255102040818,
  "pig": -0.03606122448979592,
  "horse": -0.048857142857142856,
  "chicken": -0.0285,
  "sheep": -0.03926020408163265,
  "goat": -0.0401326530612245,
  "llama": -0.04333163265306123,
  "rabbit": -0.028790816326530612,
  "cement": -0.013086734693877552,
  "concrete": -0.016284948979591835,
  "pebble": -0.004653061224489796,
  "phenolicfoam": -0.02326530612244898,
  "polyurethane": -0.01948469387755102,
  "xps": -0.01686658163265306,
  "rockwool": -0.013376785714285714,
  "foamglass": -0.010469387755102042,
  "glasswool": -0.008432908163265305,
  "doubleglass": -0.021228826530612244,
  "tripleglass": -0.041294387755102045,
  "fabric": -0.006684948979591836,
  "cotton": -0.0008716836734693878,
  "fibre": -0.005234693877551021,
  "carbonfibre": -0.04420255102040818,
  "chemical": -0.054961224489795915,
  "polymaterial": -0.012505102040816327,
  "acid": -0.04769081632653061,
  "catalyst": -0.03547806122448979,
  "chromepart": -0.012505102040816327,
  "chrome": -0.009306122448979591,
  "brasspart": -0.012214285714285714,
  "brass": -0.01104719387755102,
  "diamond": -0.20676887755102039,
  "gold": -0.10004081632653061,
  "platinum": -0.15471428571428572,
  "silver": -0.0616484693877551,
  "copper": -0.004362244897959184,
  "lithium": -0.08230102040816327,
  "cobalt": -0.07968061224489796,
  "titanium": -0.08608163265306122,
  "tungsten": -0.07212244897959184,
  "nickel": -0.009306122448979591,
  "magnesium": -0.0154125,
  "lead": -0.05321938775510203,
  "tin": -0.038094642857142855,
  "mercury": -0.044494897959183675,
  "bismuth": -0.04740306122448979,
  "rodium": -0.1724533163265306,
  "osmium": -0.08230102040816327,
  "palladium": -0.17478061224489796,
  "iridium": -0.1808877551020408,
  "ruthenium": -0.11080102040816325,