{
  "steel": -0.01845642857142857,
  "steelpart": -0.019270714285714287,
  "iron": -0.010585,
  "carbon": -0.012757142857142858,
  "brick": -0.0005428571428571428,
  "clay": -0.0002714285714285714,
  "soil": -0.0002714285714285714,
  "water": -0.0002714285714285714,
  "woodplank": -0.005155,
  "woodpart": -0.0054285714285714284,
  "wood": -0.004071428571428571,
  "log": -0.009771428571428572,
  "bamboo": -0.014114285714285715,
  "pipe": -0.0057,
  "plasticpart": -0.0013571428571428571,
  "plastic": -0.0010857142857142856,
  "glass": -0.0095,
  "limestone": -0.0016271428571428572,
  "sand": -0.0002714285714285714,
  "plexiglass": -0.006239285714285714,
  "granite": -0.007057142857142857,
  "marble": -0.0067857142857142855,
  "quartz": -0.0027142857142857142,
  "chalk": -0.0029857142857142856,
  "slate": -0.004342857142857142,
  "basalt": -0.005155,
  "oil": -0.008142857142857143,
  "coal": -0.002442857142857143,
  "ironore": -0.0067857142857142855,
  "copperore": -0.007057142857142857,
  "goldore": -0.020627857142857146,
  "gas": -0.008414285714285714,
  "ceramic": -0.007057142857142857,
  "cork": -0.0008135714285714286,
  "mesh": -0.0013571428571428571,
  "rubber": -0.0016271428571428572,
  "uranium": -0.10857142857142857,
  "rice": -0.0005428571428571428,
  "rye": -0.0002714285714285714,
  "oats": -0.0002714285714285714,
  "corn": -0.0008135714285714286,
  "barley": -0.0005428571428571428,
  "cassava": -0.0002714285714285714,
  "soybean": -0.0008135714285714286,
  "sorghum": -0.0005428571428571428,
  "wheat": -0.0016271428571428572,
  "resin": -0.003797857142857143,
  "tape": -0.0008135714285714286,
  "steelsheet": -0.014114285714285715,
  "cocoabean": -0.008142857142857143,
  "coffeebean": -0.007870714285714285,
  "sugar": -0.0008135714285714286,
  "salt": -0.0010857142857142856,
  "flower": -0.0005428571428571428,
  "bakingpowder": -0.0008135714285714286,
  "egg": -0.0005428571428571428,
  "fish": -0.0010857142857142856,
  "meat": -0.0013571428571428571,
  "bread": -0.0010857142857142856,
  "asparagus": -0.0008135714285714286,
  "eggplant": -0.0008135714285714286,
  "broccoli": -0.0008135714285714286,
  "cabbage": -0.0010857142857142856,
  "avocado": -0.0008135714285714286,
  "brusselssprout": -0.0005428571428571428,
  "carrot": -0.0005428571428571428,
  "beetroot": -0.0008135714285714286,
  "garlic": -0.0010857142857142856,
  "celery": -0.0008135714285714286,
  "cucumber": -0.0005428571428571428,
  "greenbean": -0.0002714285714285714,
  "leek": -0.0005428571428571428,
  "lettuce": -0.0008135714285714286,
  "mushroom": -0.0002714285714285714,
  "onion": -0.0005428571428571428,
  "pea": -0.0008135714285714286,
  "pumpkin": -0.0013571428571428571,
  "radish": -0.0008135714285714286,
  "rhubarb": -0.0008135714285714286,
  "sweetpepper": -0.0008135714285714286,
  "spinach": -0.0005428571428571428,
  "tomato": -0.0005428571428571428,
  "sweetpotato": -0.0010857142857142856,
  "yam": -0.0005428571428571428,
  "potato": -0.0008135714285714286,
  "acerola": -0.0010857142857142856,
  "apple": -0.0005428571428571428,
  "apricot": -0.0013571428571428571,
  "banana": -0.0010857142857142856,
  "blackberry": -0.0008135714285714286,
  "blackcurrant": -0.0008135714285714286,
  "blueberry": -0.0008135714285714286,
  "breadfruit": -0.0010857142857142856,
  "cantaloupe": -0.0016271428571428572,
  "cherry": -0.0005428571428571428,
  "clementine": -0.0005428571428571428,
  "coconut": -0.0016271428571428572,
  "cranberry": -0.0008135714285714286,
  "datefruit": -0.0010857142857142856,
  "fig": -0.0010857142857142856,
  "gooseberry": -0.0005428571428571428,
  "grapefruit": -0.0010857142857142856,
  "grape": -0.0005428571428571428,
  "guava": -0.0016271428571428572,
  "honeydewmelon": -0.0013571428571428571,
  "jackfruit": -0.0018992857142857142,
  "jujubefruit": -0.0013571428571428571,
  "kiwifruit": -0.0008135714285714286,
  "kumquat": -0.0008135714285714286,
  "lemon": -0.0005428571428571428,
  "lime": -0.0005428571428571428,
  "lychee": -0.0005428571428571428,
  "mandarin": -0.0008135714285714286,
  "mango": -0.0010857142857142856,
  "mulberry": -0.0008135714285714286,
  "olive": -0.0002714285714285714,
  "orange": -0.0005428571428571428,
  "papaya": -0.0008135714285714286,
  "passionfruit": -0.0010857142857142856,
  "peach": -0.0008135714285714286,
  "pear": -0.0008135714285714286,
  "dragonfruit": -0.0016271428571428572,
  "pineapple": -0.0018992857142857142,
  "plum": -0.0008135714285714286,
  "pomegranate": -0.0008135714285714286,
  "prune": -0.0010857142857142856,
  "raspberry": -0.0005428571428571428,
  "strawberry": -0.0008135714285714286,
  "tangerine": -0.0005428571428571428,
  "watermelon": -0.0016271428571428572,
  "blackbean": -0.0002714285714285714,
  "blackeyedpea": -0.0002714285714285714,
  "cannellinibean": -0.0002714285714285714,
  "chickpea": -0.0002714285714285714,
  "greatnorthernbean": -0.0002714285714285714,
  "kidneybean": -0.0002714285714285714,
  "limabean": -0.0002714285714285714,
  "pintobean": -0.0002714285714285714,
  "favabean": -0.0002714285714285714,
  "navybean": -0.0002714285714285714,
  "adzukibean": -0.0002714285714285714,
  "edamame": -0.0002714285714285714,
  "mungbean": -0.0002714285714285714,
  "cranberrybean": -0.0005428571428571428,
  "thyme": -0.0032542857142857143,
  "basil": -0.003797857142857143,
  "oregano": -0.0035285714285714287,
  "rosemary": -0.0035285714285714287,
  "fennelseed": -0.004071428571428571,
  "bayleaf": -0.004342857142857142,
  "chilipowder": -0.0035285714285714287,
  "smokedpaprika": -0.0032542857142857143,
  "cayenne": -0.0032542857142857143,
  "cumin": -0.003797857142857143,
  "groundcardamom": -0.003797857142857143,
  "currypowder": -0.0032542857142857143,
  "onionpowder": -0.0029857142857142856,
  "garlicpowder": -0.0029857142857142856,
  "groundmustard": -0.0032542857142857143,
  "clove": -0.004342857142857142,
  "nutmeg": -0.004885714285714286,
  "cinnamon": -0.004071428571428571,
  "groundginger": -0.003797857142857143,
  "mace": -0.004611428571428572,
  "cow": -0.04125571428571429,
  "pig": -0.03365714285714286,
  "horse": -0.0456,
  "chicken": -0.0266,
  "sheep": -0.036642857142857144,
  "goat": -0.037457142857142856,
  "llama": -0.04044285714285715,
  "rabbit": -0.02687142857142857,
  "cement": -0.012214285714285714,
  "concrete": -0.015199285714285714,
  "pebble": -0.004342857142857142,
  "phenolicfoam": -0.021714285714285714,
  "polyurethane": -0.018185714285714284,
  "xps": -0.015742142857142857,
  "rockwool": -0.012485,
  "foamglass": -0.009771428571428572,
  "glasswool": -0.007870714285714285,
  "doubleglass": -0.019813571428571427,
  "tripleglass": -0.038541428571428574,
  "fabric": -0.006239285714285714,
  "cotton": -0.0008135714285714286,
  "fibre": -0.004885714285714286,
  "carbonfibre": -0.04125571428571429,
  "chemical": -0.051297142857142854,
  "polymaterial": -0.011671428571428572,
  "acid": -0.04451142857142857,
  "catalyst": -0.03311285714285714,
  "chromepart": -0.011671428571428572,
  "chrome": -0.008685714285714284,
  "brasspart": -0.0114,
  "brass": -0.010310714285714286,
  "diamond": -0.19298428571428572,
  "gold": -0.09337142857142858,
  "platinum": -0.1444,
  "silver": -0.057538571428571425,
  "copper": -0.004071428571428571,
  "lithium": -0.07681428571428572,
  "cobalt": -0.07436857142857144,
  "titanium": -0.08034285714285715,
  "tungsten": -0.06731428571428572,
  "nickel": -0.008685714285714284,
  "magnesium": -0.014384999999999998,
  "lead": -0.04967142857142857,
  "tin": -0.035554999999999996,
  "mercury": -0.04152857142857143,
  "bismuth": -0.04424285714285714,
  "rodium": -0.16095642857142856,
  "osmium": -0.07681428571428572,
  "palladium": -0.16312857142857143,
  "iridium": -0.1688285714285714,
  "ruthenium": -0.10341428571428571,
  "plutonium": -0.4239692857142857,
  "componentelectric": -0.014384999999999998,
  "componentinterior": -0.016014285714285714,
  "componentclothing": -0.0114,
  "componentstarting": -0.010310714285714286
}