{
  "woodplank": -0.0114,
  "woodpart": -0.006242857142857143,
  "log": -0.0152,
  "bamboo": -0.010585714285714285,
  "cedar": -0.014114285714285715,
  "fir": -0.0038,
  "pine": -0.0095,
  "redwood": -0.0051571428571428575,
  "ash": -0.004885714285714286,
  "birch": -0.004342857142857142,
  "cherrywood": -0.008414285714285714,
  "mahogany": -0.004885714285714286,
  "maple": -0.009771428571428572,
  "oak": -0.009771428571428572,
  "poplar": -0.0057,
  "teak": -0.012214285714285714,
  "compositewood": -0.008414285714285714,
  "pipe": -0.006514285714285715,
  "plasticpart": -0.0016285714285714287,
  "plastic": -0.0035285714285714287,
  "glass": -0.016557142857142857,
  "sand": -0.002171428571428571,
  "plexiglass": -0.0051571428571428575,
  "granite": -0.014928571428571428,
  "marble": -0.03637142857142857,
  "quartz": -0.034471428571428576,
  "chalk": -0.012214285714285714,
  "slate": -0.009228571428571428,
  "basalt": -0.04424285714285714,
  "pebble": -0.011671428571428572,
  "limestone": -0.012485714285714286,
  "oil": -0.012214285714285714,
  "coal": -0.008685714285714284,
  "ironore": -0.03881428571428571,
  "copperore": -0.03338571428571428,
  "goldore": -0.08522857142857143,
  "gas": -0.008957142857142858,
  "ceramic": -0.0171,
  "cork": -0.005971428571428571,
  "mesh": -0.004071428571428571,
  "rubber": -0.004342857142857142,
  "uranium": -0.2423857142857143,
  "resin": -0.006242857142857143,
  "carbon": -0.0032571428571428573,
  "clay": -0.0008142857142857143,
  "soil": -0.0005428571428571428,
  "water": -0.0002714285714285714,
  "flint": -0.004885714285714286,
  "onyx": -0.014385714285714286,
  "travertine": -0.012485714285714286,
  "cement": -0.008957142857142858,
  "concrete": -0.01981428571428571,
  "steelsheet": -0.014385714285714286,
  "tape": -0.0010857142857142856,
  "brick": -0.0057,
  "steel": -0.011128571428571429,
  "steelpart": -0.008685714285714284,
  "glue": -0.0008142857142857143,
  "paper": -0.0013571428571428571,
  "salt": -0.0016285714285714287,
  "flower": -0.0010857142857142856,
  "bakingpowder": -0.0013571428571428571,
  "bread": -0.0019,
  "rice": -0.0005428571428571428,
  "rye": -0.0002714285714285714,
  "oats": -0.0010857142857142856,
  "corn": -0.0008142857142857143,
  "barley": -0.0008142857142857143,
  "cassava": -0.0005428571428571428,
  "soybean": -0.0005428571428571428,
  "sorghum": -0.0008142857142857143,
  "wheat": -0.002171428571428571,
  "cocoabean": -0.0016285714285714287,
  "coffeebean": -0.0019,
  "sugar": -0.0019,
  "asparagus": -0.0005428571428571428,
  "eggplant": -0.0019,
  "broccoli": -0.0010857142857142856,
  "cabbage": -0.0013571428571428571,
  "avocado": -0.0016285714285714287,
  "brusselssprout": -0.0005428571428571428,
  "carrot": -0.0010857142857142856,
  "beetroot": -0.0008142857142857143,
  "garlic": -0.0005428571428571428,
  "celery": -0.0005428571428571428,
  "cucumber": -0.0010857142857142856,
  "greenbean": -0.0002714285714285714,
  "leek": -0.0005428571428571428,
  "lettuce": -0.0008142857142857143,
  "mushroom": -0.0010857142857142856,
  "onion": -0.0008142857142857143,
  "pea": -0.0002714285714285714,
  "pumpkin": -0.0016285714285714287,
  "radish": -0.0010857142857142856,
  "rhubarb": -0.0013571428571428571,
  "sweetpepper": -0.0013571428571428571,
  "spinach": -0.0005428571428571428,
  "tomato": -0.0008142857142857143,
  "sweetpotato": -0.0013571428571428571,
  "yam": -0.0005428571428571428,
  "potato": -0.0013571428571428571,
  "acerola": -0.0008142857142857143,
  "apple": -0.0005428571428571428,
  "apricot": -0.0016285714285714287,
  "banana": -0.0010857142857142856,
  "blackberry": -0.0005428571428571428,
  "blackcurrant": -0.0005428571428571428,
  "blueberry": -0.0005428571428571428,
  "breadfruit": -0.0013571428571428571,
  "cantaloupe": -0.0019,
  "cherry": -0.0005428571428571428,
  "clementine": -0.0010857142857142856,
  "coconut": -0.002171428571428571,
  "cranberry": -0.0005428571428571428,
  "datefruit": -0.0010857142857142856,
  "fig": -0.0016285714285714287,
  "gooseberry": -0.0005428571428571428,
  "grapefruit": -0.0016285714285714287,
  "grape": -0.0005428571428571428,
  "guava": -0.0016285714285714287,
  "honeydewmelon": -0.0019,
  "jackfruit": -0.002171428571428571,
  "jujubefruit": -0.0008142857142857143,
  "kiwi": -0.0010857142857142856,
  "kumquat": -0.0013571428571428571,
  "lemon": -0.0010857142857142856,
  "lime": -0.0008142857142857143,
  "lychee": -0.0005428571428571428,
  "mandarin": -0.0010857142857142856,
  "mango": -0.0016285714285714287,
  "mulberry": -0.0005428571428571428,
  "olive": -0.0002714285714285714,
  "orange": -0.0008142857142857143,
  "papaya": -0.0016285714285714287,
  "passionfruit": -0.0016285714285714287,
  "peach": -0.0010857142857142856,
  "pear": -0.0013571428571428571,
  "dragonfruit": -0.002171428571428571,
  "pineapple": -0.002171428571428571,
  "plum": -0.0013571428571428571,
  "pomegranate": -0.0008142857142857143,
  "prune": -0.0010857142857142856,
  "raspberry": -0.0005428571428571428,
  "strawberry": -0.0010857142857142856,
  "tangerine": -0.0008142857142857143,
  "watermelon": -0.0019,
  "blackbean": -0.0005428571428571428,
  "blackeyedpea": -0.0002714285714285714,
  "cannellinibean": -0.0005428571428571428,
  "chickpea": -0.0002714285714285714,
  "greatnorthernbean": -0.0002714285714285714,
  "kidneybean": -0.0005428571428571428,
  "limabean": -0.0008142857142857143,
  "pintobean": -0.0005428571428571428,
  "favabean": -0.0005428571428571428,
  "navybean": -0.0002714285714285714,
  "adzukibean": -0.0005428571428571428,
  "edamame": -0.0005428571428571428,
  "mungbean": -0.0002714285714285714,
  "cranberrybean": -0.0005428571428571428,
  "acorn": -0.0005428571428571428,
  "almond": -0.0002714285714285714,
  "beech": -0.0005428571428571428,
  "brazilnut": -0.0008142857142857143,
  "candlenut": -0.0008142857142857143,
  "cashew": -0.0005428571428571428,
  "chestnut": -0.0005428571428571428,
  "chileanhazel": -0.0002714285714285714,
  "egusi": -0.0005428571428571428,
  "guineapeanut": -0.0005428571428571428,
  "hazelnut": -0.0002714285714285714,
  "hickory": -0.0005428571428571428,
  "kolanut": -0.0005428571428571428,
  "macadamia": -0.0002714285714285714,
  "malabaralmond": -0.0002714285714285714,
  "malabarchestnut": -0.0005428571428571428,
  "mamoncillo": -0.0005428571428571428,
  "mongongo": -0.0005428571428571428,
  "ogbono": -0.0008142857142857143,
  "paradisenut": -0.0005428571428571428,
  "pili": -0.0002714285714285714,
  "pistachio": -0.0005428571428571428,
  "sheanut": -0.0002714285714285714,
  "walnut": -0.0005428571428571428,
  "cycads": -0.0008142857142857143,
  "ginkgo": -0.0005428571428571428,
  "gnetum": -0.0002714285714285714,
  "juniper": -0.0005428571428571428,
  "pinenut": -0.0005428571428571428,
  "podocarps": -0.0002714285714285714,
  "fingermillet": -0.0005428571428571428,
  "teff": -0.0005428571428571428,
  "fonio": -0.0002714285714285714,
  "prosomillet": -0.0002714285714285714,
  "pearlmillet": -0.0005428571428571428,
  "foxtailmillet": -0.0008142857142857143,
  "triticale": -0.0005428571428571428,
  "durum": -0.0005428571428571428,
  "einkorn": -0.0002714285714285714,
  "spelt": -0.0005428571428571428,
  "kamut": -0.0002714285714285714,
  "emmer": -0.0005428571428571428,
  "kernza": -0.0005428571428571428,
  "amaranth": -0.0002714285714285714,
  "kaniwa": -0.0005428571428571428,
  "quinoa": -0.0005428571428571428,
  "hanza": -0.0005428571428571428,
  "chia": -0.0002714285714285714,
  "flax": -0.0002714285714285714,
  "breadnut": -0.0005428571428571428,
  "sesame": -0.0005428571428571428,
  "buckwheat": -0.0002714285714285714,
  "thyme": -0.0032571428571428573,
  "basil": -0.004071428571428571,
  "oregano": -0.0035285714285714287,
  "rosemary": -0.004071428571428571,
  "fennelseed": -0.0038,
  "bayleaf": -0.004342857142857142,
  "chilipowder": -0.0032571428571428573,
  "smokedpaprika": -0.0032571428571428573,
  "cayenne": -0.004614285714285714,
  "cumin": -0.0032571428571428573,