{
  "steel": 310.2311734693878,
  "steelpart": 323.91790816326534,
  "iron": 177.92607142857145,
  "carbon": 214.42551020408163,
  "brick": 9.124489795918366,
  "clay": 4.562244897959183,
  "soil": 4.562244897959183,
  "water": 4.562244897959183,
  "woodplank": 86.67821428571429,
  "woodpart": 91.24489795918367,
  "wood": 68.43367346938776,
  "log": 164.24081632653062,
  "bamboo": 237.23673469387757,
  "pipe": 95.80714285714286,
  "plasticpart": 22.81122448979592,
  "plastic": 18.248979591836733,
  "glass": 159.67857142857147,
  "limestone": 27.370510204081633,
  "sand": 4.562244897959183,
  "plexiglass": 104.92423469387755,
  "granite": 118.61836734693878,
  "marble": 114.05612244897958,
  "quartz": 45.62244897959184,
  "chalk": 50.184693877551034,
  "slate": 72.99591836734693,
  "basalt": 86.67821428571429,
  "oil": 136.8673469387755,
  "coal": 41.060204081632655,
  "ironore": 114.05612244897958,
  "copperore": 118.61836734693878,
  "goldore": 346.72913265306136,
  "gas": 141.4295918367347,
  "ceramic": 118.61836734693878,
  "cork": 13.685255102040816,
  "mesh": 22.81122448979592,
  "rubber": 27.370510204081633,
  "uranium": 1824.8979591836733,
  "rice": 9.124489795918366,
  "rye": 4.562244897959183,
  "oats": 4.562244897959183,
  "corn": 13.685255102040816,
  "barley": 9.124489795918366,
  "cassava": 4.562244897959183,
  "soybean": 13.685255102040816,
  "sorghum": 9.124489795918366,
  "wheat": 27.370510204081633,
  "resin": 63.866989795918364,
  "tape": 13.685255102040816,
  "glue": 8.514285714285714,
  "paper": 6.385714285714284,
  "steelsheet": 237.23673469387757,
  "cocoabean": 136.8673469387755,
  "coffeebean": 132.30362244897958,
  "sugar": 13.685255102040816,
  "salt": 18.248979591836733,
  "flower": 9.124489795918366,
  "bakingpowder": 13.685255102040816,
  "egg": 9.124489795918366,
  "fish": 18.248979591836733,
  "meat": 22.81122448979592,
  "bread": 18.248979591836733,
  "asparagus": 13.685255102040816,
  "eggplant": 13.685255102040816,
  "broccoli": 13.685255102040816,
  "cabbage": 18.248979591836733,
  "avocado": 13.685255102040816,
  "brusselssprout": 9.124489795918366,
  "carrot": 9.124489795918366,
  "beetroot": 13.685255102040816,
  "garlic": 18.248979591836733,
  "celery": 13.685255102040816,
  "cucumber": 9.124489795918366,
  "greenbean": 4.562244897959183,
  "leek": 9.124489795918366,
  "lettuce": 13.685255102040816,
  "mushroom": 4.562244897959183,
  "onion": 9.124489795918366,
  "pea": 13.685255102040816,
  "pumpkin": 22.81122448979592,
  "radish": 13.685255102040816,
  "rhubarb": 13.685255102040816,
  "sweetpepper": 13.685255102040816,
  "spinach": 9.124489795918366,
  "tomato": 9.124489795918366,
  "sweetpotato": 18.248979591836733,
  "yam": 9.124489795918366,
  "potato": 13.685255102040816,
  "acerola": 18.248979591836733,
  "apple": 9.124489795918366,
  "apricot": 22.81122448979592,
  "banana": 18.248979591836733,
  "blackberry": 13.685255102040816,
  "blackcurrant": 13.685255102040816,
  "blueberry": 13.685255102040816,
  "breadfruit": 18.248979591836733,
  "cantaloupe": 27.370510204081633,
  "cherry": 9.124489795918366,
  "clementine": 9.124489795918366,
  "coconut": 27.370510204081633,
  "cranberry": 13.685255102040816,
  "datefruit": 18.248979591836733,
  "fig": 18.248979591836733,
  "gooseberry": 9.124489795918366,
  "grapefruit": 18.248979591836733,
  "grape": 9.124489795918366,
  "guava": 27.370510204081633,
  "honeydewmelon": 22.81122448979592,
  "jackfruit": 31.934234693877553,
  "jujubefruit": 22.81122448979592,
  "kiwifruit": 13.685255102040816,
  "kumquat": 13.685255102040816,
  "lemon": 9.124489795918366,
  "lime": 9.124489795918366,
  "lychee": 9.124489795918366,
  "mandarin": 13.685255102040816,
  "mango": 18.248979591836733,
  "mulberry": 13.685255102040816,
  "olive": 4.562244897959183,
  "orange": 9.124489795918366,
  "papaya": 13.685255102040816,
  "passionfruit": 18.248979591836733,
  "peach": 13.685255102040816,
  "pear": 13.685255102040816,
  "dragonfruit": 27.370510204081633,
  "pineapple": 31.934234693877553,
  "plum": 13.685255102040816,
  "pomegranate": 13.685255102040816,
  "prune": 18.248979591836733,
  "raspberry": 9.124489795918366,
  "strawberry": 13.685255102040816,
  "tangerine": 9.124489795918366,
  "watermelon": 27.370510204081633,
  "blackbean": 4.562244897959183,
  "blackeyedpea": 4.562244897959183,
  "cannellinibean": 4.562244897959183,
  "chickpea": 4.562244897959183,
  "greatnorthernbean": 4.562244897959183,
  "kidneybean": 4.562244897959183,
  "limabean": 4.562244897959183,
  "pintobean": 4.562244897959183,
  "favabean": 4.562244897959183,
  "navybean": 4.562244897959183,
  "adzukibean": 4.562244897959183,
  "edamame": 4.562244897959183,
  "mungbean": 4.562244897959183,
  "cranberrybean": 9.124489795918366,
  "thyme": 54.741020408163266,
  "basil": 63.866989795918364,
  "oregano": 59.30918367346939,
  "rosemary": 59.30918367346939,
  "fennelseed": 68.43367346938776,
  "bayleaf": 72.99591836734693,
  "chilipowder": 59.30918367346939,
  "smokedpaprika": 54.741020408163266,
  "cayenne": 54.741020408163266,
  "cumin": 63.866989795918364,
  "groundcardamom": 63.866989795918364,
  "currypowder": 54.741020408163266,
  "onionpowder": 50.184693877551034,
  "garlicpowder": 50.184693877551034,
  "groundmustard": 54.741020408163266,
  "clove": 72.99591836734693,
  "nutmeg": 82.12040816326531,
  "cinnamon": 68.43367346938776,
  "groundginger": 63.866989795918364,
  "mace": 77.55224489795921,
  "pepper": 170.85714285714286,
  "cow": 693.4582653061227,
  "pig": 565.7183673469387,
  "horse": 766.4571428571429,
  "chicken": 447.1,
  "sheep": 615.9030612244898,
  "goat": 629.5897959183676,
  "llama": 679.7744897959184,
  "rabbit": 451.66224489795917,
  "cement": 205.30102040816328,
  "concrete": 255.48423469387754,
  "pebble": 72.99591836734693,
  "phenolicfoam": 364.9795918367347,
  "polyurethane": 305.6704081632653,
  "xps": 264.6087244897959,
  "rockwool": 209.86178571428573,
  "foamglass": 164.24081632653062,
  "glasswool": 132.30362244897958,
  "doubleglass": 333.0423979591837,
  "tripleglass": 647.8358163265307,
  "fabric": 104.92423469387755,
  "cotton": 13.685255102040816,
  "fibre": 82.12040816326531,
  "carbonfibre": 693.4582653061227,
  "chemical": 862.2583673469387,
  "polymaterial": 196.1765306122449,
  "acid": 748.2022448979592,
  "catalyst": 556.5909183673468,
  "chromepart": 196.1765306122449,
  "chrome": 145.99183673469386,
  "brasspart": 191.61428571428573,
  "brass": 173.3579081632653,
  "diamond": 3243.7531632653054,
  "gold": 1569.4122448979592,
  "platinum": 2427.114285714286,
  "silver": 967.1870408163265,
  "copper": 68.43367346938776,
  "lithium": 1291.115306122449,
  "cobalt": 1250.0491836734693,
  "titanium": 1350.4244897959184,
  "tungsten": 1131.4367346938775,
  "nickel": 145.99183673469386,
  "magnesium": 241.7975,
  "lead": 834.8908163265305,
  "tin": 597.6496428571428,
  "mercury": 698.0234693877552,
  "bismuth": 743.6459183673469,
  "rodium": 2705.409744897959,
  "osmium": 1291.115306122449,
  "palladium": 2741.909183673469,
  "iridium": 2837.716326530612,
  "ruthenium": 1738.2153061224487,
  "plutonium": 7126.222091836736,
  "componentelectric": 241.7975,
  "componentinterior": 269.1724489795918,
  "componentclothing": 191.61428571428573,
  "componentstarting": 173.3579081632653
}