{
  "woodplank": 179.4,
  "woodpart": 98.24285714285713,
  "log": 239.2,
  "bamboo": 166.5857142857143,
  "cedar": 222.11428571428573,
  "fir": 59.8,
  "pine": 149.5,
  "redwood": 81.15714285714286,
  "ash": 76.88571428571429,
  "birch": 68.34285714285714,
  "cherrywood": 132.4142857142857,
  "mahogany": 76.88571428571429,
  "maple": 153.77142857142857,
  "oak": 153.77142857142857,
  "poplar": 89.7,
  "teak": 192.21428571428572,
  "compositewood": 132.4142857142857,
  "pipe": 102.51428571428572,
  "plasticpart": 25.62857142857143,
  "plastic": 55.52857142857143,
  "glass": 260.5571428571429,
  "sand": 34.17142857142857,
  "plexiglass": 81.15714285714286,
  "granite": 234.92857142857142,
  "marble": 572.3714285714285,
  "quartz": 542.4714285714286,
  "chalk": 192.21428571428572,
  "slate": 145.22857142857143,
  "basalt": 696.2428571428571,
  "pebble": 183.67142857142858,
  "limestone": 196.48571428571427,
  "oil": 192.21428571428572,
  "coal": 136.68571428571428,
  "ironore": 610.8142857142857,
  "copperore": 525.3857142857142,
  "goldore": 1341.2285714285715,
  "gas": 140.95714285714286,
  "ceramic": 269.1,
  "cork": 93.97142857142858,
  "mesh": 64.07142857142857,
  "rubber": 68.34285714285714,
  "uranium": 3814.385714285714,
  "resin": 98.24285714285713,
  "carbon": 51.25714285714286,
  "clay": 12.814285714285715,
  "soil": 8.542857142857143,
  "water": 4.271428571428571,
  "flint": 76.88571428571429,
  "onyx": 226.3857142857143,
  "travertine": 196.48571428571427,
  "cement": 140.95714285714286,
  "concrete": 311.8142857142857,
  "steelsheet": 226.3857142857143,
  "tape": 17.085714285714285,
  "brick": 89.7,
  "steel": 175.1285714285714,
  "steelpart": 136.68571428571428,
  "glue": 12.814285714285715,
  "paper": 21.357142857142858,
  "salt": 25.62857142857143,
  "flower": 17.085714285714285,
  "bakingpowder": 21.357142857142858,
  "bread": 29.9,
  "rice": 8.542857142857143,
  "rye": 4.271428571428571,
  "oats": 17.085714285714285,
  "corn": 12.814285714285715,
  "barley": 12.814285714285715,
  "cassava": 8.542857142857143,
  "soybean": 8.542857142857143,
  "sorghum": 12.814285714285715,
  "wheat": 34.17142857142857,
  "cocoabean": 25.62857142857143,
  "coffeebean": 29.9,
  "sugar": 29.9,
  "asparagus": 8.542857142857143,
  "eggplant": 29.9,
  "broccoli": 17.085714285714285,
  "cabbage": 21.357142857142858,
  "avocado": 25.62857142857143,
  "brusselssprout": 8.542857142857143,
  "carrot": 17.085714285714285,
  "beetroot": 12.814285714285715,
  "garlic": 8.542857142857143,
  "celery": 8.542857142857143,
  "cucumber": 17.085714285714285,
  "greenbean": 4.271428571428571,
  "leek": 8.542857142857143,
  "lettuce": 12.814285714285715,
  "mushroom": 17.085714285714285,
  "onion": 12.814285714285715,
  "pea": 4.271428571428571,
  "pumpkin": 25.62857142857143,
  "radish": 17.085714285714285,
  "rhubarb": 21.357142857142858,
  "sweetpepper": 21.357142857142858,
  "spinach": 8.542857142857143,
  "tomato": 12.814285714285715,
  "sweetpotato": 21.357142857142858,
  "yam": 8.542857142857143,
  "potato": 21.357142857142858,
  "acerola": 12.814285714285715,
  "apple": 8.542857142857143,
  "apricot": 25.62857142857143,
  "banana": 17.085714285714285,
  "blackberry": 8.542857142857143,
  "blackcurrant": 8.542857142857143,
  "blueberry": 8.542857142857143,
  "breadfruit": 21.357142857142858,
  "cantaloupe": 29.9,
  "cherry": 8.542857142857143,
  "clementine": 17.085714285714285,
  "coconut": 34.17142857142857,
  "cranberry": 8.542857142857143,
  "datefruit": 17.085714285714285,
  "fig": 25.62857142857143,
  "gooseberry": 8.542857142857143,
  "grapefruit": 25.62857142857143,
  "grape": 8.542857142857143,
  "guava": 25.62857142857143,
  "honeydewmelon": 29.9,
  "jackfruit": 34.17142857142857,
  "jujubefruit": 12.814285714285715,
  "kiwi": 17.085714285714285,
  "kumquat": 21.357142857142858,
  "lemon": 17.085714285714285,
  "lime": 12.814285714285715,
  "lychee": 8.542857142857143,
  "mandarin": 17.085714285714285,
  "mango": 25.62857142857143,
  "mulberry": 8.542857142857143,
  "olive": 4.271428571428571,
  "orange": 12.814285714285715,
  "papaya": 25.62857142857143,
  "passionfruit": 25.62857142857143,
  "peach": 17.085714285714285,
  "pear": 21.357142857142858,
  "dragonfruit": 34.17142857142857,
  "pineapple": 34.17142857142857,
  "plum": 21.357142857142858,
  "pomegranate": 12.814285714285715,
  "prune": 17.085714285714285,
  "raspberry": 8.542857142857143,
  "strawberry": 17.085714285714285,
  "tangerine": 12.814285714285715,
  "watermelon": 29.9,
  "blackbean": 8.542857142857143,
  "blackeyedpea": 4.271428571428571,
  "cannellinibean": 8.542857142857143,
  "chickpea": 4.271428571428571,
  "greatnorthernbean": 4.271428571428571,
  "kidneybean": 8.542857142857143,
  "limabean": 12.814285714285715,
  "pintobean": 8.542857142857143,
  "favabean": 8.542857142857143,
  "navybean": 4.271428571428571,
  "adzukibean": 8.542857142857143,
  "edamame": 8.542857142857143,
  "mungbean": 4.271428571428571,
  "cranberrybean": 8.542857142857143,
  "acorn": 8.542857142857143,
  "almond": 4.271428571428571,
  "beech": 8.542857142857143,
  "brazilnut": 12.814285714285715,
  "candlenut": 12.814285714285715,
  "cashew": 8.542857142857143,
  "chestnut": 8.542857142857143,
  "chileanhazel": 4.271428571428571,
  "egusi": 8.542857142857143,
  "guineapeanut": 8.542857142857143,
  "hazelnut": 4.271428571428571,
  "hickory": 8.542857142857143,
  "kolanut": 8.542857142857143,
  "macadamia": 4.271428571428571,
  "malabaralmond": 4.271428571428571,
  "malabarchestnut": 8.542857142857143,
  "mamoncillo": 8.542857142857143,
  "mongongo": 8.542857142857143,
  "ogbono": 12.814285714285715,
  "paradisenut": 8.542857142857143,
  "pili": 4.271428571428571,
  "pistachio": 8.542857142857143,
  "sheanut": 4.271428571428571,
  "walnut": 8.542857142857143,
  "cycads": 12.814285714285715,
  "ginkgo": 8.542857142857143,
  "gnetum": 4.271428571428571,
  "juniper": 8.542857142857143,
  "pinenut": 8.542857142857143,
  "podocarps": 4.271428571428571,
  "fingermillet": 8.542857142857143,
  "teff": 8.542857142857143,
  "fonio": 4.271428571428571,
  "prosomillet": 4.271428571428571,
  "pearlmillet": 8.542857142857143,
  "foxtailmillet": 12.814285714285715,
  "triticale": 8.542857142857143,
  "durum": 8.542857142857143,
  "einkorn": 4.271428571428571,
  "spelt": 8.542857142857143,
  "kamut": 4.271428571428571,
  "emmer": 8.542857142857143,
  "kernza": 8.542857142857143,
  "amaranth": 4.271428571428571,
  "kaniwa": 8.542857142857143,
  "quinoa": 8.542857142857143,
  "hanza": 8.542857142857143,
  "chia": 4.271428571428571,
  "flax": 4.271428571428571,
  "breadnut": 8.542857142857143,
  "sesame": 8.542857142857143,
  "buckwheat": 4.271428571428571,
  "thyme": 51.25714285714286,
  "basil": 64.07142857142857,
  "oregano": 55.52857142857143,
  "rosemary": 64.07142857142857,
  "fennelseed": 59.8,
  "bayleaf": 68.34285714285714,
  "chilipowder": 51.25714285714286,
  "smokedpaprika": 51.25714285714286,
  "cayenne": 72.61428571428571,
  "cumin": 51.25714285714286,
  "groundcardamom": 59.8,
  "currypowder": 51.25714285714286,
  "onionpowder": 59.8,
  "garlicpowder": 55.52857142857143,
  "groundmustard": 72.61428571428571,
  "clove": 76.88571428571429,
  "nutmeg": 72.61428571428571,
  "cinnamon": 68.34285714285714,
  "groundginger": 59.8,
  "mace": 72.61428571428571,
  "pepper": 64.07142857142857,
  "cow": 986.6999999999999,
  "pig": 653.5285714285715,
  "horse": 1170.3714285714286,
  "chicken": 380.15714285714284,
  "sheep": 691.9714285714285,
  "goat": 559.5571428571429,
  "llama": 1029.4142857142858,
  "rabbit": 333.1714285714286,
  "egg": 21.357142857142858,
  "fish": 59.8,
  "meat": 68.34285714285714,
  "phenolicfoam": 905.5428571428572,
  "polyurethane": 653.5285714285715,
  "xps": 563.8285714285714,
  "rockwool": 435.68571428571425,
  "foamglass": 333.1714285714286,
  "glasswool": 273.37142857142857,
  "doubleglass": 606.5428571428571,
  "tripleglass": 995.2428571428571,
  "fabric": 102.51428571428572,