{
  "steel": 13.610000000000014,
  "steelpart": 14.20999999999998,
  "iron": 7.810000000000002,
  "carbon": 9.400000000000006,
  "brick": 0.40000000000000036,
  "clay": 0.20000000000000018,
  "soil": 0.20000000000000018,
  "water": 0.20000000000000018,
  "woodplank": 3.8299999999999983,
  "woodpart": 4,
  "wood": 3,
  "log": 7.199999999999989,
  "bamboo": 10.400000000000006,
  "pipe": 4.200000000000003,
  "plasticpart": 1,
  "plastic": 0.8000000000000007,
  "glass": 7,
  "limestone": 1.2199999999999989,
  "sand": 0.20000000000000018,
  "plexiglass": 4.650000000000006,
  "granite": 5.200000000000003,
  "marble": 5,
  "quartz": 2,
  "chalk": 2.200000000000003,
  "slate": 3.200000000000003,
  "basalt": 3.8299999999999983,
  "oil": 6,
  "coal": 1.7999999999999972,
  "ironore": 5,
  "copperore": 5.200000000000003,
  "goldore": 15.20999999999998,
  "gas": 6.199999999999989,
  "ceramic": 5.200000000000003,
  "cork": 0.6099999999999994,
  "mesh": 1,
  "rubber": 1.2199999999999989,
  "uranium": 80,
  "rice": 0.40000000000000036,
  "rye": 0.20000000000000018,
  "oats": 0.20000000000000018,
  "corn": 0.6099999999999994,
  "barley": 0.40000000000000036,
  "cassava": 0.20000000000000018,
  "soybean": 0.6099999999999994,
  "sorghum": 0.40000000000000036,
  "wheat": 1.2199999999999989,
  "resin": 2.8299999999999983,
  "tape": 0.6099999999999994,
  "glue": 0.7999999999999998,
  "paper": 0.5999999999999996,
  "steelsheet": 10.400000000000006,
  "cocoabean": 6,
  "coffeebean": 5.810000000000002,
  "sugar": 0.6099999999999994,
  "salt": 0.8000000000000007,
  "flower": 0.40000000000000036,
  "bakingpowder": 0.6099999999999994,
  "egg": 0.40000000000000036,
  "fish": 0.8000000000000007,
  "meat": 1,
  "bread": 0.8000000000000007,
  "asparagus": 0.6099999999999994,
  "eggplant": 0.6099999999999994,
  "broccoli": 0.6099999999999994,
  "cabbage": 0.8000000000000007,
  "avocado": 0.6099999999999994,
  "brusselssprout": 0.40000000000000036,
  "carrot": 0.40000000000000036,
  "beetroot": 0.6099999999999994,
  "garlic": 0.8000000000000007,
  "celery": 0.6099999999999994,
  "cucumber": 0.40000000000000036,
  "greenbean": 0.20000000000000018,
  "leek": 0.40000000000000036,
  "lettuce": 0.6099999999999994,
  "mushroom": 0.20000000000000018,
  "onion": 0.40000000000000036,
  "pea": 0.6099999999999994,
  "pumpkin": 1,
  "radish": 0.6099999999999994,
  "rhubarb": 0.6099999999999994,
  "sweetpepper": 0.6099999999999994,
  "spinach": 0.40000000000000036,
  "tomato": 0.40000000000000036,
  "sweetpotato": 0.8000000000000007,
  "yam": 0.40000000000000036,
  "potato": 0.6099999999999994,
  "acerola": 0.8000000000000007,
  "apple": 0.40000000000000036,
  "apricot": 1,
  "banana": 0.8000000000000007,
  "blackberry": 0.6099999999999994,
  "blackcurrant": 0.6099999999999994,
  "blueberry": 0.6099999999999994,
  "breadfruit": 0.8000000000000007,
  "cantaloupe": 1.2199999999999989,
  "cherry": 0.40000000000000036,
  "clementine": 0.40000000000000036,
  "coconut": 1.2199999999999989,
  "cranberry": 0.6099999999999994,
  "datefruit": 0.8000000000000007,
  "fig": 0.8000000000000007,
  "gooseberry": 0.40000000000000036,
  "grapefruit": 0.8000000000000007,
  "grape": 0.40000000000000036,
  "guava": 1.2199999999999989,
  "honeydewmelon": 1,
  "jackfruit": 1.4100000000000001,
  "jujubefruit": 1,
  "kiwifruit": 0.6099999999999994,
  "kumquat": 0.6099999999999994,
  "lemon": 0.40000000000000036,
  "lime": 0.40000000000000036,
  "lychee": 0.40000000000000036,
  "mandarin": 0.6099999999999994,
  "mango": 0.8000000000000007,
  "mulberry": 0.6099999999999994,
  "olive": 0.20000000000000018,
  "orange": 0.40000000000000036,
  "papaya": 0.6099999999999994,
  "passionfruit": 0.8000000000000007,
  "peach": 0.6099999999999994,
  "pear": 0.6099999999999994,
  "dragonfruit": 1.2199999999999989,
  "pineapple": 1.4100000000000001,
  "plum": 0.6099999999999994,
  "pomegranate": 0.6099999999999994,
  "prune": 0.8000000000000007,
  "raspberry": 0.40000000000000036,
  "strawberry": 0.6099999999999994,
  "tangerine": 0.40000000000000036,
  "watermelon": 1.2199999999999989,
  "blackbean": 0.20000000000000018,
  "blackeyedpea": 0.20000000000000018,
  "cannellinibean": 0.20000000000000018,
  "chickpea": 0.20000000000000018,
  "greatnorthernbean": 0.20000000000000018,
  "kidneybean": 0.20000000000000018,
  "limabean": 0.20000000000000018,
  "pintobean": 0.20000000000000018,
  "favabean": 0.20000000000000018,
  "navybean": 0.20000000000000018,
  "adzukibean": 0.20000000000000018,
  "edamame": 0.20000000000000018,
  "mungbean": 0.20000000000000018,
  "cranberrybean": 0.40000000000000036,
  "thyme": 2.4399999999999977,
  "basil": 2.8299999999999983,
  "oregano": 2.6000000000000014,
  "rosemary": 2.6000000000000014,
  "fennelseed": 3,
  "bayleaf": 3.200000000000003,
  "chilipowder": 2.6000000000000014,
  "smokedpaprika": 2.4399999999999977,
  "cayenne": 2.4399999999999977,
  "cumin": 2.8299999999999983,
  "groundcardamom": 2.8299999999999983,
  "currypowder": 2.4399999999999977,
  "onionpowder": 2.200000000000003,
  "garlicpowder": 2.200000000000003,
  "groundmustard": 2.4399999999999977,
  "clove": 3.200000000000003,
  "nutmeg": 3.5999999999999943,
  "cinnamon": 3,
  "groundginger": 2.8299999999999983,
  "mace": 3.4399999999999977,
  "pepper": 8,
  "cow": 30.41999999999996,
  "pig": 24.799999999999955,
  "horse": 33.60000000000002,
  "chicken": 19.600000000000023,
  "sheep": 27,
  "goat": 27.600000000000023,
  "llama": 29.799999999999955,
  "rabbit": 19.80000000000001,
  "cement": 9,
  "concrete": 11.210000000000008,
  "pebble": 3.200000000000003,
  "phenolicfoam": 16,
  "polyurethane": 13.399999999999977,
  "xps": 11.610000000000014,
  "rockwool": 9.210000000000008,
  "foamglass": 7.199999999999989,
  "glasswool": 5.810000000000002,
  "doubleglass": 14.610000000000014,
  "tripleglass": 28.41999999999996,
  "fabric": 4.650000000000006,
  "cotton": 0.6099999999999994,
  "fibre": 3.5999999999999943,
  "carbonfibre": 30.41999999999996,
  "chemical": 37.84000000000003,
  "polymaterial": 8.599999999999994,
  "acid": 32.84000000000003,
  "catalyst": 24.41999999999996,
  "chromepart": 8.599999999999994,
  "chrome": 6.400000000000006,
  "brasspart": 8.400000000000006,
  "brass": 7.650000000000006,
  "diamond": 142.2199999999998,
  "gold": 68.79999999999995,
  "platinum": 106.40000000000009,
  "silver": 42.460000000000036,
  "copper": 3,
  "lithium": 56.59999999999991,
  "cobalt": 54.83999999999992,
  "titanium": 59.200000000000045,
  "tungsten": 49.59999999999991,
  "nickel": 6.400000000000006,
  "magnesium": 10.610000000000014,
  "lead": 36.60000000000002,
  "tin": 26.230000000000018,
  "mercury": 30.600000000000023,
  "bismuth": 32.60000000000002,
  "rodium": 118.61000000000013,
  "osmium": 56.59999999999991,
  "palladium": 120.19999999999982,
  "iridium": 124.40000000000009,
  "ruthenium": 76.20000000000005,
  "plutonium": 312.4300000000003,
  "componentelectric": 10.610000000000014,
  "componentinterior": 11.800000000000011,
  "componentclothing": 8.400000000000006,
  "componentstarting": 7.650000000000006
}