{
  "steel": 105.89214285714289,
  "steelpart": 110.56357142857144,
  "iron": 60.735,
  "carbon": 73.1857142857143,
  "brick": 3.1142857142857148,
  "clay": 1.5571428571428574,
  "soil": 1.5571428571428574,
  "water": 1.5571428571428574,
  "woodplank": 29.605000000000004,
  "woodpart": 31.142857142857146,
  "wood": 23.357142857142854,
  "log": 56.05714285714285,
  "bamboo": 80.97142857142859,
  "pipe": 32.7,
  "plasticpart": 7.7857142857142865,
  "plastic": 6.2285714285714295,
  "glass": 54.5,
  "limestone": 9.355714285714285,
  "sand": 1.5571428571428574,
  "plexiglass": 35.846428571428575,
  "granite": 40.485714285714295,
  "marble": 38.928571428571416,
  "quartz": 15.571428571428573,
  "chalk": 17.128571428571433,
  "slate": 24.914285714285718,
  "basalt": 29.605000000000004,
  "oil": 46.71428571428571,
  "coal": 14.014285714285712,
  "ironore": 38.928571428571416,
  "copperore": 40.485714285714295,
  "goldore": 118.34928571428571,
  "gas": 48.27142857142857,
  "ceramic": 40.485714285714295,
  "cork": 4.6778571428571425,
  "mesh": 7.7857142857142865,
  "rubber": 9.355714285714285,
  "uranium": 622.8571428571427,
  "rice": 3.1142857142857148,
  "rye": 1.5571428571428574,
  "oats": 1.5571428571428574,
  "corn": 4.6778571428571425,
  "barley": 3.1142857142857148,
  "cassava": 1.5571428571428574,
  "soybean": 4.6778571428571425,
  "sorghum": 3.1142857142857148,
  "wheat": 9.355714285714285,
  "resin": 21.819285714285712,
  "tape": 4.6778571428571425,
  "steelsheet": 80.97142857142859,
  "cocoabean": 46.71428571428571,
  "coffeebean": 45.16357142857143,
  "sugar": 4.6778571428571425,
  "salt": 6.2285714285714295,
  "flower": 3.1142857142857148,
  "bakingpowder": 4.6778571428571425,
  "egg": 3.1142857142857148,
  "fish": 6.2285714285714295,
  "meat": 7.7857142857142865,
  "bread": 6.2285714285714295,
  "asparagus": 4.6778571428571425,
  "eggplant": 4.6778571428571425,
  "broccoli": 4.6778571428571425,
  "cabbage": 6.2285714285714295,
  "avocado": 4.6778571428571425,
  "brusselssprout": 3.1142857142857148,
  "carrot": 3.1142857142857148,
  "beetroot": 4.6778571428571425,
  "garlic": 6.2285714285714295,
  "celery": 4.6778571428571425,
  "cucumber": 3.1142857142857148,
  "greenbean": 1.5571428571428574,
  "leek": 3.1142857142857148,
  "lettuce": 4.6778571428571425,
  "mushroom": 1.5571428571428574,
  "onion": 3.1142857142857148,
  "pea": 4.6778571428571425,
  "pumpkin": 7.7857142857142865,
  "radish": 4.6778571428571425,
  "rhubarb": 4.6778571428571425,
  "sweetpepper": 4.6778571428571425,
  "spinach": 3.1142857142857148,
  "tomato": 3.1142857142857148,
  "sweetpotato": 6.2285714285714295,
  "yam": 3.1142857142857148,
  "potato": 4.6778571428571425,
  "acerola": 6.2285714285714295,
  "apple": 3.1142857142857148,
  "apricot": 7.7857142857142865,
  "banana": 6.2285714285714295,
  "blackberry": 4.6778571428571425,
  "blackcurrant": 4.6778571428571425,
  "blueberry": 4.6778571428571425,
  "breadfruit": 6.2285714285714295,
  "cantaloupe": 9.355714285714285,
  "cherry": 3.1142857142857148,
  "clementine": 3.1142857142857148,
  "coconut": 9.355714285714285,
  "cranberry": 4.6778571428571425,
  "datefruit": 6.2285714285714295,
  "fig": 6.2285714285714295,
  "gooseberry": 3.1142857142857148,
  "grapefruit": 6.2285714285714295,
  "grape": 3.1142857142857148,
  "guava": 9.355714285714285,
  "honeydewmelon": 7.7857142857142865,
  "jackfruit": 10.90642857142857,
  "jujubefruit": 7.7857142857142865,
  "kiwifruit": 4.6778571428571425,
  "kumquat": 4.6778571428571425,
  "lemon": 3.1142857142857148,
  "lime": 3.1142857142857148,
  "lychee": 3.1142857142857148,
  "mandarin": 4.6778571428571425,
  "mango": 6.2285714285714295,
  "mulberry": 4.6778571428571425,
  "olive": 1.5571428571428574,
  "orange": 3.1142857142857148,
  "papaya": 4.6778571428571425,
  "passionfruit": 6.2285714285714295,
  "peach": 4.6778571428571425,
  "pear": 4.6778571428571425,
  "dragonfruit": 9.355714285714285,
  "pineapple": 10.90642857142857,
  "plum": 4.6778571428571425,
  "pomegranate": 4.6778571428571425,
  "prune": 6.2285714285714295,
  "raspberry": 3.1142857142857148,
  "strawberry": 4.6778571428571425,
  "tangerine": 3.1142857142857148,
  "watermelon": 9.355714285714285,
  "blackbean": 1.5571428571428574,
  "blackeyedpea": 1.5571428571428574,
  "cannellinibean": 1.5571428571428574,
  "chickpea": 1.5571428571428574,
  "greatnorthernbean": 1.5571428571428574,
  "kidneybean": 1.5571428571428574,
  "limabean": 1.5571428571428574,
  "pintobean": 1.5571428571428574,
  "favabean": 1.5571428571428574,
  "navybean": 1.5571428571428574,
  "adzukibean": 1.5571428571428574,
  "edamame": 1.5571428571428574,
  "mungbean": 1.5571428571428574,
  "cranberrybean": 3.1142857142857148,
  "thyme": 18.71142857142857,
  "basil": 21.819285714285712,
  "oregano": 20.242857142857147,
  "rosemary": 20.242857142857147,
  "fennelseed": 23.357142857142854,
  "bayleaf": 24.914285714285718,
  "chilipowder": 20.242857142857147,
  "smokedpaprika": 18.71142857142857,
  "cayenne": 18.71142857142857,
  "cumin": 21.819285714285712,
  "groundcardamom": 21.819285714285712,
  "currypowder": 18.71142857142857,
  "onionpowder": 17.128571428571433,
  "garlicpowder": 17.128571428571433,
  "groundmustard": 18.71142857142857,
  "clove": 24.914285714285718,
  "nutmeg": 28.028571428571425,
  "cinnamon": 23.357142857142854,
  "groundginger": 21.819285714285712,
  "mace": 26.497142857142855,
  "cow": 236.69857142857143,
  "pig": 193.0857142857143,
  "horse": 261.6,
  "chicken": 152.60000000000002,
  "sheep": 210.21428571428567,
  "goat": 214.88571428571436,
  "llama": 232.01428571428568,
  "rabbit": 154.15714285714284,
  "cement": 70.07142857142858,
  "concrete": 87.20642857142857,
  "pebble": 24.914285714285718,
  "phenolicfoam": 124.57142857142858,
  "polyurethane": 104.32857142857142,
  "xps": 90.3207142857143,
  "rockwool": 71.63500000000002,
  "foamglass": 56.05714285714285,
  "glasswool": 45.16357142857143,
  "doubleglass": 113.67785714285716,
  "tripleglass": 221.12714285714287,
  "fabric": 35.846428571428575,
  "cotton": 4.6778571428571425,
  "fibre": 28.028571428571425,
  "carbonfibre": 236.69857142857143,
  "chemical": 294.3257142857143,
  "polymaterial": 66.95714285714286,
  "acid": 255.3971428571429,
  "catalyst": 189.98428571428565,
  "chromepart": 66.95714285714286,
  "chrome": 49.828571428571436,
  "brasspart": 65.4,
  "brass": 59.20357142857142,
  "diamond": 1107.1414285714286,
  "gold": 535.6571428571428,
  "platinum": 828.4000000000001,
  "silver": 330.1528571428572,
  "copper": 23.357142857142854,
  "lithium": 440.67142857142846,
  "cobalt": 426.6828571428571,
  "titanium": 460.9142857142857,
  "tungsten": 386.1714285714286,
  "nickel": 49.828571428571436,
  "magnesium": 82.535,
  "lead": 284.9571428571429,
  "tin": 204.005,
  "mercury": 238.2428571428572,
  "bismuth": 253.81428571428575,
  "rodium": 923.3921428571432,
  "osmium": 440.67142857142846,
  "palladium": 935.8428571428572,
  "iridium": 968.542857142857,
  "ruthenium": 593.2714285714285,
  "plutonium": 2432.2764285714293,
  "componentelectric": 82.535,
  "componentinterior": 91.87142857142857,
  "componentclothing": 65.4,
  "componentstarting": 59.20357142857142
}