{
  "woodplank": 65.4,
  "woodpart": 35.8142857142857,
  "log": 87.19999999999999,
  "bamboo": 60.72857142857144,
  "cedar": 80.97142857142859,
  "fir": 21.799999999999997,
  "pine": 54.5,
  "redwood": 29.585714285714282,
  "ash": 28.028571428571425,
  "birch": 24.914285714285718,
  "cherrywood": 48.27142857142857,
  "mahogany": 28.028571428571425,
  "maple": 56.05714285714285,
  "oak": 56.05714285714285,
  "poplar": 32.7,
  "teak": 70.07142857142858,
  "compositewood": 48.27142857142857,
  "pipe": 37.37142857142857,
  "plasticpart": 9.342857142857142,
  "plastic": 20.242857142857147,
  "glass": 94.9857142857143,
  "sand": 12.457142857142859,
  "plexiglass": 29.585714285714282,
  "granite": 85.64285714285714,
  "marble": 208.65714285714284,
  "quartz": 197.75714285714287,
  "chalk": 70.07142857142858,
  "slate": 52.94285714285715,
  "basalt": 253.81428571428575,
  "pebble": 66.95714285714286,
  "limestone": 71.6285714285714,
  "flint": 28.028571428571425,
  "onyx": 82.52857142857144,
  "travertine": 71.6285714285714,
  "oil": 70.07142857142858,
  "coal": 49.828571428571436,
  "ironore": 222.67142857142858,
  "copperore": 191.5285714285714,
  "goldore": 488.9428571428572,
  "gas": 51.38571428571427,
  "ceramic": 98.10000000000002,
  "cork": 34.25714285714287,
  "mesh": 23.357142857142854,
  "rubber": 24.914285714285718,
  "uranium": 1390.5285714285715,
  "resin": 35.8142857142857,
  "carbon": 18.685714285714283,
  "clay": 4.671428571428571,
  "soil": 3.1142857142857148,
  "water": 1.5571428571428574,
  "cement": 51.38571428571427,
  "concrete": 113.67142857142858,
  "steelsheet": 82.52857142857144,
  "tape": 6.2285714285714295,
  "brick": 32.7,
  "steel": 63.84285714285711,
  "steelpart": 49.828571428571436,
  "glue": 4.671428571428571,
  "paper": 7.7857142857142865,
  "salt": 9.342857142857142,
  "flower": 6.2285714285714295,
  "bakingpowder": 7.7857142857142865,
  "bread": 10.899999999999999,
  "rice": 3.1142857142857148,
  "rye": 1.5571428571428574,
  "oats": 6.2285714285714295,
  "corn": 4.671428571428571,
  "barley": 4.671428571428571,
  "cassava": 3.1142857142857148,
  "soybean": 3.1142857142857148,
  "sorghum": 4.671428571428571,
  "wheat": 12.457142857142859,
  "cocoabean": 9.342857142857142,
  "coffeebean": 10.899999999999999,
  "sugar": 10.899999999999999,
  "asparagus": 3.1142857142857148,
  "eggplant": 10.899999999999999,
  "broccoli": 6.2285714285714295,
  "cabbage": 7.7857142857142865,
  "avocado": 9.342857142857142,
  "brusselssprout": 3.1142857142857148,
  "carrot": 6.2285714285714295,
  "beetroot": 4.671428571428571,
  "garlic": 3.1142857142857148,
  "celery": 3.1142857142857148,
  "cucumber": 6.2285714285714295,
  "greenbean": 1.5571428571428574,
  "leek": 3.1142857142857148,
  "lettuce": 4.671428571428571,
  "mushroom": 6.2285714285714295,
  "onion": 4.671428571428571,
  "pea": 1.5571428571428574,
  "pumpkin": 9.342857142857142,
  "radish": 6.2285714285714295,
  "rhubarb": 7.7857142857142865,
  "sweetpepper": 7.7857142857142865,
  "spinach": 3.1142857142857148,
  "tomato": 4.671428571428571,
  "sweetpotato": 7.7857142857142865,
  "yam": 3.1142857142857148,
  "potato": 7.7857142857142865,
  "acerola": 4.671428571428571,
  "apple": 3.1142857142857148,
  "apricot": 9.342857142857142,
  "banana": 6.2285714285714295,
  "blackberry": 3.1142857142857148,
  "blackcurrant": 3.1142857142857148,
  "blueberry": 3.1142857142857148,
  "breadfruit": 7.7857142857142865,
  "cantaloupe": 10.899999999999999,
  "cherry": 3.1142857142857148,
  "clementine": 6.2285714285714295,
  "coconut": 12.457142857142859,
  "cranberry": 3.1142857142857148,
  "datefruit": 6.2285714285714295,
  "fig": 9.342857142857142,
  "gooseberry": 3.1142857142857148,
  "grapefruit": 9.342857142857142,
  "grape": 3.1142857142857148,
  "guava": 9.342857142857142,
  "honeydewmelon": 10.899999999999999,
  "jackfruit": 12.457142857142859,
  "jujubefruit": 4.671428571428571,
  "kiwifruit": 6.2285714285714295,
  "kumquat": 7.7857142857142865,
  "lemon": 6.2285714285714295,
  "lime": 4.671428571428571,
  "lychee": 3.1142857142857148,
  "mandarin": 6.2285714285714295,
  "mango": 9.342857142857142,
  "mulberry": 3.1142857142857148,
  "olive": 1.5571428571428574,
  "orange": 4.671428571428571,
  "papaya": 9.342857142857142,
  "passionfruit": 9.342857142857142,
  "peach": 6.2285714285714295,
  "pear": 7.7857142857142865,
  "dragonfruit": 12.457142857142859,
  "pineapple": 12.457142857142859,
  "plum": 7.7857142857142865,
  "pomegranate": 4.671428571428571,
  "prune": 6.2285714285714295,
  "raspberry": 3.1142857142857148,
  "strawberry": 6.2285714285714295,
  "tangerine": 4.671428571428571,
  "watermelon": 10.899999999999999,
  "blackbean": 3.1142857142857148,
  "blackeyedpea": 1.5571428571428574,
  "cannellinibean": 3.1142857142857148,
  "chickpea": 1.5571428571428574,
  "greatnorthernbean": 1.5571428571428574,
  "kidneybean": 3.1142857142857148,
  "limabean": 4.671428571428571,
  "pintobean": 3.1142857142857148,
  "favabean": 3.1142857142857148,
  "navybean": 1.5571428571428574,
  "adzukibean": 3.1142857142857148,
  "edamame": 3.1142857142857148,
  "mungbean": 1.5571428571428574,
  "cranberrybean": 3.1142857142857148,
  "acorn": 3.1142857142857148,
  "almond": 1.5571428571428574,
  "beech": 3.1142857142857148,
  "brazilnut": 4.671428571428571,
  "candlenut": 4.671428571428571,
  "cashew": 3.1142857142857148,
  "chestnut": 3.1142857142857148,
  "chileanhazel": 1.5571428571428574,
  "egusi": 3.1142857142857148,
  "guineapeanut": 3.1142857142857148,
  "hazelnut": 1.5571428571428574,
  "hickory": 3.1142857142857148,
  "kolanut": 3.1142857142857148,
  "macadamia": 1.5571428571428574,
  "malabaralmond": 1.5571428571428574,
  "malabarchestnut": 3.1142857142857148,
  "mamoncillo": 3.1142857142857148,
  "mongongo": 3.1142857142857148,
  "ogbono": 4.671428571428571,
  "paradisenut": 3.1142857142857148,
  "pili": 1.5571428571428574,
  "pistachio": 3.1142857142857148,
  "sheanut": 1.5571428571428574,
  "walnut": 3.1142857142857148,
  "cycads": 4.671428571428571,
  "ginkgo": 3.1142857142857148,
  "gnetum": 1.5571428571428574,
  "juniper": 3.1142857142857148,
  "pinenut": 3.1142857142857148,
  "podocarps": 1.5571428571428574,
  "fingermillet": 3.1142857142857148,
  "teff": 3.1142857142857148,
  "fonio": 1.5571428571428574,
  "prosomillet": 1.5571428571428574,
  "pearlmillet": 3.1142857142857148,
  "foxtailmillet": 4.671428571428571,
  "triticale": 3.1142857142857148,
  "durum": 3.1142857142857148,
  "einkorn": 1.5571428571428574,
  "spelt": 3.1142857142857148,
  "kamut": 1.5571428571428574,
  "emmer": 3.1142857142857148,
  "kernza": 3.1142857142857148,
  "amaranth": 1.5571428571428574,
  "kaniwa": 3.1142857142857148,
  "quinoa": 3.1142857142857148,
  "hanza": 3.1142857142857148,
  "chia": 1.5571428571428574,
  "flax": 1.5571428571428574,
  "breadnut": 3.1142857142857148,
  "sesame": 3.1142857142857148,
  "buckwheat": 1.5571428571428574,
  "thyme": 18.685714285714283,
  "basil": 23.357142857142854,
  "oregano": 20.242857142857147,
  "rosemary": 23.357142857142854,
  "fennelseed": 21.799999999999997,
  "bayleaf": 24.914285714285718,
  "chilipowder": 18.685714285714283,
  "smokedpaprika": 18.685714285714283,
  "cayenne": 26.471428571428575,
  "cumin": 18.685714285714283,
  "groundcardamom": 21.799999999999997,
  "currypowder": 18.685714285714283,
  "onionpowder": 21.799999999999997,
  "garlicpowder": 20.242857142857147,
  "groundmustard": 26.471428571428575,
  "clove": 28.028571428571425,
  "nutmeg": 26.471428571428575,
  "cinnamon": 24.914285714285718,
  "groundginger": 21.799999999999997,
  "mace": 26.471428571428575,
  "pepper": 23.357142857142854,
  "cow": 359.70000000000005,
  "pig": 238.2428571428572,
  "horse": 426.65714285714284,
  "chicken": 138.5857142857143,
  "sheep": 252.2571428571428,
  "goat": 203.98571428571438,
  "llama": 375.2714285714287,
  "rabbit": 121.45714285714288,
  "egg": 7.7857142857142865,
  "fish": 21.799999999999997,
  "meat": 24.914285714285718,