{
  "steel": 290.4564285714286,
  "steelpart": 303.2707142857143,
  "iron": 166.585,
  "carbon": 200.75714285714287,
  "brick": 8.542857142857143,
  "clay": 4.271428571428571,
  "soil": 4.271428571428571,
  "water": 4.271428571428571,
  "woodplank": 81.155,
  "woodpart": 85.42857142857143,
  "wood": 64.07142857142857,
  "log": 153.77142857142857,
  "bamboo": 222.11428571428573,
  "pipe": 89.7,
  "plasticpart": 21.357142857142858,
  "plastic": 17.085714285714285,
  "glass": 149.5,
  "limestone": 25.627142857142857,
  "sand": 4.271428571428571,
  "plexiglass": 98.23928571428571,
  "granite": 111.05714285714286,
  "marble": 106.78571428571428,
  "quartz": 42.714285714285715,
  "chalk": 46.98571428571429,
  "slate": 68.34285714285714,
  "basalt": 81.155,
  "oil": 128.14285714285714,
  "coal": 38.44285714285714,
  "ironore": 106.78571428571428,
  "copperore": 111.05714285714286,
  "goldore": 324.6278571428572,
  "gas": 132.4142857142857,
  "ceramic": 111.05714285714286,
  "cork": 12.813571428571429,
  "mesh": 21.357142857142858,
  "rubber": 25.627142857142857,
  "uranium": 1708.5714285714284,
  "rice": 8.542857142857143,
  "rye": 4.271428571428571,
  "oats": 4.271428571428571,
  "corn": 12.813571428571429,
  "barley": 8.542857142857143,
  "cassava": 4.271428571428571,
  "soybean": 12.813571428571429,
  "sorghum": 8.542857142857143,
  "wheat": 25.627142857142857,
  "resin": 59.79785714285715,
  "tape": 12.813571428571429,
  "steelsheet": 222.11428571428573,
  "cocoabean": 128.14285714285714,
  "coffeebean": 123.87071428571427,
  "sugar": 12.813571428571429,
  "salt": 17.085714285714285,
  "flower": 8.542857142857143,
  "bakingpowder": 12.813571428571429,
  "egg": 8.542857142857143,
  "fish": 17.085714285714285,
  "meat": 21.357142857142858,
  "bread": 17.085714285714285,
  "asparagus": 12.813571428571429,
  "eggplant": 12.813571428571429,
  "broccoli": 12.813571428571429,
  "cabbage": 17.085714285714285,
  "avocado": 12.813571428571429,
  "brusselssprout": 8.542857142857143,
  "carrot": 8.542857142857143,
  "beetroot": 12.813571428571429,
  "garlic": 17.085714285714285,
  "celery": 12.813571428571429,
  "cucumber": 8.542857142857143,
  "greenbean": 4.271428571428571,
  "leek": 8.542857142857143,
  "lettuce": 12.813571428571429,
  "mushroom": 4.271428571428571,
  "onion": 8.542857142857143,
  "pea": 12.813571428571429,
  "pumpkin": 21.357142857142858,
  "radish": 12.813571428571429,
  "rhubarb": 12.813571428571429,
  "sweetpepper": 12.813571428571429,
  "spinach": 8.542857142857143,
  "tomato": 8.542857142857143,
  "sweetpotato": 17.085714285714285,
  "yam": 8.542857142857143,
  "potato": 12.813571428571429,
  "acerola": 17.085714285714285,
  "apple": 8.542857142857143,
  "apricot": 21.357142857142858,
  "banana": 17.085714285714285,
  "blackberry": 12.813571428571429,
  "blackcurrant": 12.813571428571429,
  "blueberry": 12.813571428571429,
  "breadfruit": 17.085714285714285,
  "cantaloupe": 25.627142857142857,
  "cherry": 8.542857142857143,
  "clementine": 8.542857142857143,
  "coconut": 25.627142857142857,
  "cranberry": 12.813571428571429,
  "datefruit": 17.085714285714285,
  "fig": 17.085714285714285,
  "gooseberry": 8.542857142857143,
  "grapefruit": 17.085714285714285,
  "grape": 8.542857142857143,
  "guava": 25.627142857142857,
  "honeydewmelon": 21.357142857142858,
  "jackfruit": 29.899285714285714,
  "jujubefruit": 21.357142857142858,
  "kiwifruit": 12.813571428571429,
  "kumquat": 12.813571428571429,
  "lemon": 8.542857142857143,
  "lime": 8.542857142857143,
  "lychee": 8.542857142857143,
  "mandarin": 12.813571428571429,
  "mango": 17.085714285714285,
  "mulberry": 12.813571428571429,
  "olive": 4.271428571428571,
  "orange": 8.542857142857143,
  "papaya": 12.813571428571429,
  "passionfruit": 17.085714285714285,
  "peach": 12.813571428571429,
  "pear": 12.813571428571429,
  "dragonfruit": 25.627142857142857,
  "pineapple": 29.899285714285714,
  "plum": 12.813571428571429,
  "pomegranate": 12.813571428571429,
  "prune": 17.085714285714285,
  "raspberry": 8.542857142857143,
  "strawberry": 12.813571428571429,
  "tangerine": 8.542857142857143,
  "watermelon": 25.627142857142857,
  "blackbean": 4.271428571428571,
  "blackeyedpea": 4.271428571428571,
  "cannellinibean": 4.271428571428571,
  "chickpea": 4.271428571428571,
  "greatnorthernbean": 4.271428571428571,
  "kidneybean": 4.271428571428571,
  "limabean": 4.271428571428571,
  "pintobean": 4.271428571428571,
  "favabean": 4.271428571428571,
  "navybean": 4.271428571428571,
  "adzukibean": 4.271428571428571,
  "edamame": 4.271428571428571,
  "mungbean": 4.271428571428571,
  "cranberrybean": 8.542857142857143,
  "thyme": 51.254285714285714,
  "basil": 59.79785714285715,
  "oregano": 55.52857142857143,
  "rosemary": 55.52857142857143,
  "fennelseed": 64.07142857142857,
  "bayleaf": 68.34285714285714,
  "chilipowder": 55.52857142857143,
  "smokedpaprika": 51.254285714285714,
  "cayenne": 51.254285714285714,
  "cumin": 59.79785714285715,
  "groundcardamom": 59.79785714285715,
  "currypowder": 51.254285714285714,
  "onionpowder": 46.98571428571429,
  "garlicpowder": 46.98571428571429,
  "groundmustard": 51.254285714285714,
  "clove": 68.34285714285714,
  "nutmeg": 76.88571428571429,
  "cinnamon": 64.07142857142857,
  "groundginger": 59.79785714285715,
  "mace": 72.61142857142858,
  "cow": 649.2557142857144,
  "pig": 529.6571428571428,
  "horse": 717.6,
  "chicken": 418.6,
  "sheep": 576.6428571428571,
  "goat": 589.4571428571429,
  "llama": 636.4428571428572,
  "rabbit": 422.87142857142857,
  "cement": 192.21428571428572,
  "concrete": 239.1992857142857,
  "pebble": 68.34285714285714,
  "phenolicfoam": 341.7142857142857,
  "polyurethane": 286.18571428571425,
  "xps": 247.74214285714288,
  "rockwool": 196.485,
  "foamglass": 153.77142857142857,
  "glasswool": 123.87071428571427,
  "doubleglass": 311.81357142857144,
  "tripleglass": 606.5414285714286,
  "fabric": 98.23928571428571,
  "cotton": 12.813571428571429,
  "fibre": 76.88571428571429,
  "carbonfibre": 649.2557142857144,
  "chemical": 807.2971428571428,
  "polymaterial": 183.67142857142858,
  "acid": 700.5114285714286,
  "catalyst": 521.112857142857,
  "chromepart": 183.67142857142858,
  "chrome": 136.68571428571428,
  "brasspart": 179.4,
  "brass": 162.31071428571428,
  "diamond": 3036.9842857142858,
  "gold": 1469.3714285714286,
  "platinum": 2272.4,
  "silver": 905.5385714285715,
  "copper": 64.07142857142857,
  "lithium": 1208.8142857142857,
  "cobalt": 1170.3685714285714,
  "titanium": 1264.3428571428572,
  "tungsten": 1059.3142857142857,
  "nickel": 136.68571428571428,
  "magnesium": 226.385,
  "lead": 781.6714285714286,
  "tin": 559.555,
  "mercury": 653.5285714285715,
  "bismuth": 696.2428571428571,
  "rodium": 2532.9564285714287,
  "osmium": 1208.8142857142857,
  "palladium": 2567.1285714285714,
  "iridium": 2656.828571428571,
  "ruthenium": 1627.4142857142856,
  "plutonium": 6671.969285714286,
  "componentelectric": 226.385,
  "componentinterior": 252.0142857142857,
  "componentclothing": 179.4,
  "componentstarting": 162.31071428571428
}