{
  "steel": 112.48372448979592,
  "steelpart": 117.4459693877551,
  "iron": 64.51535714285716,
  "carbon": 77.74183673469389,
  "brick": 3.3081632653061215,
  "clay": 1.6540816326530607,
  "soil": 1.6540816326530607,
  "water": 1.6540816326530607,
  "woodplank": 31.44607142857143,
  "woodpart": 33.08163265306122,
  "wood": 24.81122448979592,
  "log": 59.5469387755102,
  "bamboo": 86.01224489795919,
  "pipe": 34.735714285714295,
  "plasticpart": 8.270408163265305,
  "plastic": 6.616326530612243,
  "glass": 57.89285714285717,
  "limestone": 9.936836734693877,
  "sand": 1.6540816326530607,
  "plexiglass": 38.07474489795919,
  "granite": 43.006122448979596,
  "marble": 41.35204081632652,
  "quartz": 16.54081632653061,
  "chalk": 18.19489795918368,
  "slate": 26.465306122448972,
  "basalt": 31.44607142857143,
  "oil": 49.62244897959184,
  "coal": 14.88673469387755,
  "ironore": 41.35204081632652,
  "copperore": 43.006122448979596,
  "goldore": 125.71637755102046,
  "gas": 51.27653061224488,
  "ceramic": 43.006122448979596,
  "cork": 4.968418367346938,
  "mesh": 8.270408163265305,
  "rubber": 9.936836734693877,
  "uranium": 661.6326530612243,
  "rice": 3.3081632653061215,
  "rye": 1.6540816326530607,
  "oats": 1.6540816326530607,
  "corn": 4.968418367346938,
  "barley": 3.3081632653061215,
  "cassava": 1.6540816326530607,
  "soybean": 4.968418367346938,
  "sorghum": 3.3081632653061215,
  "wheat": 9.936836734693877,
  "resin": 23.17566326530612,
  "tape": 4.968418367346938,
  "glue": 3.371428571428571,
  "paper": 2.5285714285714276,
  "steelsheet": 86.01224489795919,
  "cocoabean": 49.62244897959184,
  "coffeebean": 47.974540816326524,
  "sugar": 4.968418367346938,
  "salt": 6.616326530612243,
  "flower": 3.3081632653061215,
  "bakingpowder": 4.968418367346938,
  "egg": 3.3081632653061215,
  "fish": 6.616326530612243,
  "meat": 8.270408163265305,
  "bread": 6.616326530612243,
  "asparagus": 4.968418367346938,
  "eggplant": 4.968418367346938,
  "broccoli": 4.968418367346938,
  "cabbage": 6.616326530612243,
  "avocado": 4.968418367346938,
  "brusselssprout": 3.3081632653061215,
  "carrot": 3.3081632653061215,
  "beetroot": 4.968418367346938,
  "garlic": 6.616326530612243,
  "celery": 4.968418367346938,
  "cucumber": 3.3081632653061215,
  "greenbean": 1.6540816326530607,
  "leek": 3.3081632653061215,
  "lettuce": 4.968418367346938,
  "mushroom": 1.6540816326530607,
  "onion": 3.3081632653061215,
  "pea": 4.968418367346938,
  "pumpkin": 8.270408163265305,
  "radish": 4.968418367346938,
  "rhubarb": 4.968418367346938,
  "sweetpepper": 4.968418367346938,
  "spinach": 3.3081632653061215,
  "tomato": 3.3081632653061215,
  "sweetpotato": 6.616326530612243,
  "yam": 3.3081632653061215,
  "potato": 4.968418367346938,
  "acerola": 6.616326530612243,
  "apple": 3.3081632653061215,
  "apricot": 8.270408163265305,
  "banana": 6.616326530612243,
  "blackberry": 4.968418367346938,
  "blackcurrant": 4.968418367346938,
  "blueberry": 4.968418367346938,
  "breadfruit": 6.616326530612243,
  "cantaloupe": 9.936836734693877,
  "cherry": 3.3081632653061215,
  "clementine": 3.3081632653061215,
  "coconut": 9.936836734693877,
  "cranberry": 4.968418367346938,
  "datefruit": 6.616326530612243,
  "fig": 6.616326530612243,
  "gooseberry": 3.3081632653061215,
  "grapefruit": 6.616326530612243,
  "grape": 3.3081632653061215,
  "guava": 9.936836734693877,
  "honeydewmelon": 8.270408163265305,
  "jackfruit": 11.584744897959183,
  "jujubefruit": 8.270408163265305,
  "kiwifruit": 4.968418367346938,
  "kumquat": 4.968418367346938,
  "lemon": 3.3081632653061215,
  "lime": 3.3081632653061215,
  "lychee": 3.3081632653061215,
  "mandarin": 4.968418367346938,
  "mango": 6.616326530612243,
  "mulberry": 4.968418367346938,
  "olive": 1.6540816326530607,
  "orange": 3.3081632653061215,
  "papaya": 4.968418367346938,
  "passionfruit": 6.616326530612243,
  "peach": 4.968418367346938,
  "pear": 4.968418367346938,
  "dragonfruit": 9.936836734693877,
  "pineapple": 11.584744897959183,
  "plum": 4.968418367346938,
  "pomegranate": 4.968418367346938,
  "prune": 6.616326530612243,
  "raspberry": 3.3081632653061215,
  "strawberry": 4.968418367346938,
  "tangerine": 3.3081632653061215,
  "watermelon": 9.936836734693877,
  "blackbean": 1.6540816326530607,
  "blackeyedpea": 1.6540816326530607,
  "cannellinibean": 1.6540816326530607,
  "chickpea": 1.6540816326530607,
  "greatnorthernbean": 1.6540816326530607,
  "kidneybean": 1.6540816326530607,
  "limabean": 1.6540816326530607,
  "pintobean": 1.6540816326530607,
  "favabean": 1.6540816326530607,
  "navybean": 1.6540816326530607,
  "adzukibean": 1.6540816326530607,
  "edamame": 1.6540816326530607,
  "mungbean": 1.6540816326530607,
  "cranberrybean": 3.3081632653061215,
  "thyme": 19.873673469387754,
  "basil": 23.17566326530612,
  "oregano": 21.503061224489798,
  "rosemary": 21.503061224489798,
  "fennelseed": 24.81122448979592,
  "bayleaf": 26.465306122448972,
  "chilipowder": 21.503061224489798,
  "smokedpaprika": 19.873673469387754,
  "cayenne": 19.873673469387754,
  "cumin": 23.17566326530612,
  "groundcardamom": 23.17566326530612,
  "currypowder": 19.873673469387754,
  "onionpowder": 18.19489795918368,
  "garlicpowder": 18.19489795918368,
  "groundmustard": 19.873673469387754,
  "clove": 26.465306122448972,
  "nutmeg": 29.7734693877551,
  "cinnamon": 24.81122448979592,
  "groundginger": 23.17566326530612,
  "mace": 28.144081632653076,
  "pepper": 62.28571428571429,
  "cow": 251.43275510204091,
  "pig": 205.10612244897953,
  "horse": 277.88571428571436,
  "chicken": 162.10000000000002,
  "sheep": 223.30102040816325,
  "goat": 228.2632653061226,
  "llama": 246.45816326530604,
  "rabbit": 163.75408163265303,
  "cement": 74.43367346938777,
  "concrete": 92.6347448979592,
  "pebble": 26.465306122448972,
  "phenolicfoam": 132.32653061224488,
  "polyurethane": 110.8234693877551,
  "xps": 95.94290816326532,
  "rockwool": 76.09392857142859,
  "foamglass": 59.5469387755102,
  "glasswool": 47.974540816326524,
  "doubleglass": 120.75413265306125,
  "tripleglass": 234.8919387755102,
  "fabric": 38.07474489795919,
  "cotton": 4.968418367346938,
  "fibre": 29.7734693877551,
  "carbonfibre": 251.43275510204091,
  "chemical": 312.64612244897955,
  "polymaterial": 71.12551020408164,
  "acid": 271.29408163265305,
  "catalyst": 201.81030612244888,
  "chromepart": 71.12551020408164,
  "chrome": 52.930612244897944,
  "brasspart": 69.47142857142859,
  "brass": 62.88596938775511,
  "diamond": 1176.0643877551015,
  "gold": 569.0040816326531,
  "platinum": 879.9714285714288,
  "silver": 350.70234693877546,
  "copper": 24.81122448979592,
  "lithium": 468.1051020408164,
  "cobalt": 453.2430612244897,
  "titanium": 489.6081632653062,
  "tungsten": 410.21224489795907,
  "nickel": 52.930612244897944,
  "magnesium": 87.67250000000001,
  "lead": 302.69693877551026,
  "tin": 216.70321428571424,
  "mercury": 253.07448979591845,
  "bismuth": 269.615306122449,
  "rodium": 980.8765816326531,
  "osmium": 468.1051020408164,
  "palladium": 994.1030612244895,
  "iridium": 1028.8387755102042,
  "ruthenium": 630.2051020408162,
  "plutonium": 2583.694030612246,
  "componentelectric": 87.67250000000001,
  "componentinterior": 97.59081632653061,
  "componentclothing": 69.47142857142859,
  "componentstarting": 62.88596938775511
}