{
  "woodplank": 8.400000000000006,
  "woodpart": 4.599999999999994,
  "log": 11.199999999999989,
  "bamboo": 7.800000000000011,
  "cedar": 10.400000000000006,
  "fir": 2.799999999999997,
  "pine": 7,
  "redwood": 3.799999999999997,
  "ash": 3.5999999999999943,
  "birch": 3.200000000000003,
  "cherrywood": 6.199999999999989,
  "mahogany": 3.5999999999999943,
  "maple": 7.199999999999989,
  "oak": 7.199999999999989,
  "poplar": 4.200000000000003,
  "teak": 9,
  "compositewood": 6.199999999999989,
  "pipe": 4.799999999999997,
  "plasticpart": 1.1999999999999993,
  "plastic": 2.6000000000000014,
  "glass": 12.200000000000017,
  "sand": 1.6000000000000014,
  "plexiglass": 3.799999999999997,
  "granite": 11,
  "marble": 26.799999999999955,
  "quartz": 25.399999999999977,
  "chalk": 9,
  "slate": 6.800000000000011,
  "basalt": 32.60000000000002,
  "pebble": 8.599999999999994,
  "limestone": 9.199999999999989,
  "flint": 3.5999999999999943,
  "onyx": 10.599999999999994,
  "travertine": 9.199999999999989,
  "oil": 9,
  "coal": 6.400000000000006,
  "ironore": 28.600000000000023,
  "copperore": 24.600000000000023,
  "goldore": 62.799999999999955,
  "gas": 6.599999999999994,
  "ceramic": 12.600000000000023,
  "cork": 4.400000000000006,
  "mesh": 3,
  "rubber": 3.200000000000003,
  "uranium": 178.5999999999999,
  "resin": 4.599999999999994,
  "carbon": 2.3999999999999986,
  "clay": 0.5999999999999996,
  "soil": 0.40000000000000036,
  "water": 0.20000000000000018,
  "cement": 6.599999999999994,
  "concrete": 14.600000000000023,
  "steelsheet": 10.599999999999994,
  "tape": 0.8000000000000007,
  "brick": 4.200000000000003,
  "steel": 8.199999999999989,
  "steelpart": 6.400000000000006,
  "glue": 0.5999999999999996,
  "paper": 1,
  "salt": 1.1999999999999993,
  "flower": 0.8000000000000007,
  "bakingpowder": 1,
  "bread": 1.3999999999999986,
  "rice": 0.40000000000000036,
  "rye": 0.20000000000000018,
  "oats": 0.8000000000000007,
  "corn": 0.5999999999999996,
  "barley": 0.5999999999999996,
  "cassava": 0.40000000000000036,
  "soybean": 0.40000000000000036,
  "sorghum": 0.5999999999999996,
  "wheat": 1.6000000000000014,
  "cocoabean": 1.1999999999999993,
  "coffeebean": 1.3999999999999986,
  "sugar": 1.3999999999999986,
  "asparagus": 0.40000000000000036,
  "eggplant": 1.3999999999999986,
  "broccoli": 0.8000000000000007,
  "cabbage": 1,
  "avocado": 1.1999999999999993,
  "brusselssprout": 0.40000000000000036,
  "carrot": 0.8000000000000007,
  "beetroot": 0.5999999999999996,
  "garlic": 0.40000000000000036,
  "celery": 0.40000000000000036,
  "cucumber": 0.8000000000000007,
  "greenbean": 0.20000000000000018,
  "leek": 0.40000000000000036,
  "lettuce": 0.5999999999999996,
  "mushroom": 0.8000000000000007,
  "onion": 0.5999999999999996,
  "pea": 0.20000000000000018,
  "pumpkin": 1.1999999999999993,
  "radish": 0.8000000000000007,
  "rhubarb": 1,
  "sweetpepper": 1,
  "spinach": 0.40000000000000036,
  "tomato": 0.5999999999999996,
  "sweetpotato": 1,
  "yam": 0.40000000000000036,
  "potato": 1,
  "acerola": 0.5999999999999996,
  "apple": 0.40000000000000036,
  "apricot": 1.1999999999999993,
  "banana": 0.8000000000000007,
  "blackberry": 0.40000000000000036,
  "blackcurrant": 0.40000000000000036,
  "blueberry": 0.40000000000000036,
  "breadfruit": 1,
  "cantaloupe": 1.3999999999999986,
  "cherry": 0.40000000000000036,
  "clementine": 0.8000000000000007,
  "coconut": 1.6000000000000014,
  "cranberry": 0.40000000000000036,
  "datefruit": 0.8000000000000007,
  "fig": 1.1999999999999993,
  "gooseberry": 0.40000000000000036,
  "grapefruit": 1.1999999999999993,
  "grape": 0.40000000000000036,
  "guava": 1.1999999999999993,
  "honeydewmelon": 1.3999999999999986,
  "jackfruit": 1.6000000000000014,
  "jujubefruit": 0.5999999999999996,
  "kiwifruit": 0.8000000000000007,
  "kumquat": 1,
  "lemon": 0.8000000000000007,
  "lime": 0.5999999999999996,
  "lychee": 0.40000000000000036,
  "mandarin": 0.8000000000000007,
  "mango": 1.1999999999999993,
  "mulberry": 0.40000000000000036,
  "olive": 0.20000000000000018,
  "orange": 0.5999999999999996,
  "papaya": 1.1999999999999993,
  "passionfruit": 1.1999999999999993,
  "peach": 0.8000000000000007,
  "pear": 1,
  "dragonfruit": 1.6000000000000014,
  "pineapple": 1.6000000000000014,
  "plum": 1,
  "pomegranate": 0.5999999999999996,
  "prune": 0.8000000000000007,
  "raspberry": 0.40000000000000036,
  "strawberry": 0.8000000000000007,
  "tangerine": 0.5999999999999996,
  "watermelon": 1.3999999999999986,
  "blackbean": 0.40000000000000036,
  "blackeyedpea": 0.20000000000000018,
  "cannellinibean": 0.40000000000000036,
  "chickpea": 0.20000000000000018,
  "greatnorthernbean": 0.20000000000000018,
  "kidneybean": 0.40000000000000036,
  "limabean": 0.5999999999999996,
  "pintobean": 0.40000000000000036,
  "favabean": 0.40000000000000036,
  "navybean": 0.20000000000000018,
  "adzukibean": 0.40000000000000036,
  "edamame": 0.40000000000000036,
  "mungbean": 0.20000000000000018,
  "cranberrybean": 0.40000000000000036,
  "acorn": 0.40000000000000036,
  "almond": 0.20000000000000018,
  "beech": 0.40000000000000036,
  "brazilnut": 0.5999999999999996,
  "candlenut": 0.5999999999999996,
  "cashew": 0.40000000000000036,
  "chestnut": 0.40000000000000036,
  "chileanhazel": 0.20000000000000018,
  "egusi": 0.40000000000000036,
  "guineapeanut": 0.40000000000000036,
  "hazelnut": 0.20000000000000018,
  "hickory": 0.40000000000000036,
  "kolanut": 0.40000000000000036,
  "macadamia": 0.20000000000000018,
  "malabaralmond": 0.20000000000000018,
  "malabarchestnut": 0.40000000000000036,
  "mamoncillo": 0.40000000000000036,
  "mongongo": 0.40000000000000036,
  "ogbono": 0.5999999999999996,
  "paradisenut": 0.40000000000000036,
  "pili": 0.20000000000000018,
  "pistachio": 0.40000000000000036,
  "sheanut": 0.20000000000000018,
  "walnut": 0.40000000000000036,
  "cycads": 0.5999999999999996,
  "ginkgo": 0.40000000000000036,
  "gnetum": 0.20000000000000018,
  "juniper": 0.40000000000000036,
  "pinenut": 0.40000000000000036,
  "podocarps": 0.20000000000000018,
  "fingermillet": 0.40000000000000036,
  "teff": 0.40000000000000036,
  "fonio": 0.20000000000000018,
  "prosomillet": 0.20000000000000018,
  "pearlmillet": 0.40000000000000036,
  "foxtailmillet": 0.5999999999999996,
  "triticale": 0.40000000000000036,
  "durum": 0.40000000000000036,
  "einkorn": 0.20000000000000018,
  "spelt": 0.40000000000000036,
  "kamut": 0.20000000000000018,
  "emmer": 0.40000000000000036,
  "kernza": 0.40000000000000036,
  "amaranth": 0.20000000000000018,
  "kaniwa": 0.40000000000000036,
  "quinoa": 0.40000000000000036,
  "hanza": 0.40000000000000036,
  "chia": 0.20000000000000018,
  "flax": 0.20000000000000018,
  "breadnut": 0.40000000000000036,
  "sesame": 0.40000000000000036,
  "buckwheat": 0.20000000000000018,
  "thyme": 2.3999999999999986,
  "basil": 3,
  "oregano": 2.6000000000000014,
  "rosemary": 3,
  "fennelseed": 2.799999999999997,
  "bayleaf": 3.200000000000003,
  "chilipowder": 2.3999999999999986,
  "smokedpaprika": 2.3999999999999986,
  "cayenne": 3.4000000000000057,
  "cumin": 2.3999999999999986,
  "groundcardamom": 2.799999999999997,
  "currypowder": 2.3999999999999986,
  "onionpowder": 2.799999999999997,
  "garlicpowder": 2.6000000000000014,
  "groundmustard": 3.4000000000000057,
  "clove": 3.5999999999999943,
  "nutmeg": 3.4000000000000057,
  "cinnamon": 3.200000000000003,
  "groundginger": 2.799999999999997,
  "mace": 3.4000000000000057,
  "pepper": 3,
  "cow": 46.200000000000045,
  "pig": 30.600000000000023,
  "horse": 54.799999999999955,
  "chicken": 17.80000000000001,
  "sheep": 32.39999999999998,
  "goat": 26.200000000000045,
  "llama": 48.200000000000045,
  "rabbit": 15.600000000000023,
  "egg": 1,
  "fish": 2.799999999999997,
  "meat": 3.200000000000003,
  "phenolicfoam": 42.39999999999998,
  "polyurethane": 30.600000000000023,
  "xps": 26.399999999999977,
  "rockwool": 20.399999999999977,
  "foamglass": 15.600000000000023,
  "glasswool": 12.800000000000011,